1,Charles University in Prague,Occidental College,,Economics; Politics,Economics,,year:2007,year:2007,year:2004,year:2008,,,
2,King Fahd University of Petroleum & Minerals,King Fahd University of Petroleum & Minerals,University of Leeds,Computer Science,Computer Science,Artificial Intelligence,year:1993,year:1997,year:1997,year:2000,year:2009,year:2012,
3,Duke University,Harvard Business School Executive Education,SRA International,Finance and Financial Management Services,strategy & leadership; Innovation and Change.,Research Integrity,year:2014,year:2014,year:2013,year:2015,year:2010,year:2010,
4,,,,,,,,,,,,,
5,,,,,,,,,,,,,
6,University of Missouri-Columbia,,,Economics,,,,,,,,,
7,Centre of Financial Management,Edith Cowan University,Vellore Institute of Technology,Finance,Advanced Financial engineering,Finance,year:2008,year:2008,year:2007,year:2007,year:2002,year:2002,
8,Worcester Polytechnic Institute,Worcester Polytechnic Institute,,Applied Mathematics,Mathematics,,year:1996,year:1997,year:1992,year:1997,,,
9,University of Birmingham,Queen Elizabeth Sixth Form College,,Computer Science/Software Engineering with Business,,,year:1999,year:2003,year:1997,year:1999,,,
10,Carnegie Mellon University,Carnegie Mellon University,,Concentration in Business Intelligence & Data Analytics,Information Systems,,year:2013,year:2014,year:2010,year:2014,,,
11,University of Central Punjab,University of Central Punjab,,Computer Science,,,year:1999,year:2003,,,,,
12,,,,,,,,,,,,,
13,University of Washington,Ryerson University,Iqra University,Information Management,.NET Application Development,Computer Engineering,year:2009,year:2012,year:2006,year:2007,year:2000,year:2003,
14,INSEAD,Lahore University of Management Sciences,Universiti Sains Malaysia,,,,year:2016,year:2016,year:2008,year:2010,year:2009,year:2009,
15,American University in Bulgaria,University College London; U. of London,,Computer Science,Data Communication Networks and Distributed Systems,,year:2000,year:2003,year:2003,year:2005,,,
16,Kuwait English School,Penn State University,,Computer Engineering,,,year:2000,year:2005,,,,,
17,Delhi Public School - NOIDA,Manipal Institute of Technology,Carnegie Mellon University,Information Management,,,year:1995,year:2006,year:2006,year:2010,year:2012,year:2013,
18,New Mexico State University,,,Cognitive Psychology,,,year:1989,year:1994,,,,,
19,Massachusetts Institute of Technology,Universidad de Chile,,BioEngineering,Biotechnology Engineering,,year:2001,year:2006,year:1994,year:2000,,,
20,Liceo Scientifico Sperimentale Giotto Ulivi,Università degli Studi di Firenze,,Economia,Università degli Studi di Firenze,,year:1989,year:1989,year:1995,year:1995,year:1989,year:1989,
21,McGill University,The University of Chicago - Booth School of Business,University of Toronto,Chemical Engineering,Accounting and Finance,Biomedical Engineering,year:1996,year:2000,year:2005,year:2007,year:2000,year:2002,
22,Novosibirsk Physics-Math School,Novosibirsk State University (NSU),,Mathematics; Physics,Applied Mathematics; Computer Science,,year:1985,year:1987,year:1987,year:1993,,,
23,Universidade Federal do Rio de Janeiro,IBMEC,,Industrial Engineering,,,year:2000,year:2004,year:2010,year:2011,,,
24,Télécom Ecole de Management,Lycée La Hotoie,,Management IT,Management des Unités Commerciales,,year:2013,year:2017,year:2011,year:2013,,,
25,University of Colorado Denver,National University of Computer and Emerging Sciences,,Computer Science,,,year:2003,year:2006,year:1994,year:1996,,,
26,King Fahd University of Petroleum & Minerals,University of London,,Computer Engineering,Responsive Website Development and Design,,year:2005,year:2010,year:2016,year:2017,,,
27,Universidad Central de Venezuela,Business Edge,George Brown College,Economics,Rotman School of Business,Strategic Relationship Marketing,year:2000,year:2002,year:2013,year:2013,year:2007,year:2008,
28,,,,,,,,,,,,,
29,University of Texas School of Public Health,University of Texas School of Public Health,The University of Texas at Austin,Biostatistics,Epidemiology,Mathematics,year:2004,year:2006,year:2007,year:2011,year:2001,year:2004,
30,Rijksuniversiteit Groningen,Rijksuniversiteit Groningen / University of Groningen,Hanzehogeschool Groningen,Business Administration,MSc Marketing Management & MSc Marketing Intelligence,Marketing Management,year:2011,year:2012,year:2012,year:2014,year:2007,year:2011,
31,Stanford University,Université du Québec à Montréal,McGill University,International Management,French Immersion,Internet Business,year:2014,year:2014,year:2014,year:2014,year:2014,year:2014,
32,University of Mumbai,University of Washington; Michael G. Foster School of Business,,Information Technology (I.T.),,,year:1999,year:2003,,,,,
33,Università degli Studi di Milano,,,Physics,,,year:1989,year:1996,,,,,
34,Moscow Conservatory,State musical college of The Moscow Conservatory,Strategy Computers; Bellevue,Music,Music,CS,year:1987,year:1992,year:1981,year:1987,year:1998,year:1999,
35,,,,,,,,,,,,,
36,UC Davis,,,Computer Science,,,year:2001,year:2004,,,,,
37,University of Wisconsin-La Crosse,University of Wisconsin-Madison,University of Wisconsin-Madison,Data Science,Computer Science,Computer Science,year:2016,year:2019,year:1985,year:1989,year:1989,year:1991,
38,University of Delaware,University of Delaware,University of California; Berkeley,Mathematics and Computer Science,Psychology,Computer Science with Designated Emphasis in Computational Science,year:2003,year:2008,year:2003,year:2008,year:2008,year:2014,
39,Sham Yook University,,,Theology/Theological Studies,,,year:1985,year:1989,,,,,
40,Wilfrid Laurier University,University of Toronto - Rotman School of Management,University of Waterloo,Business Administration; Finance,Finance; General,Mathematics,year:2003,year:2008,year:2014,year:2016,year:2003,year:2008,
41,University of Illinois at Urbana-Champaign,The University of Texas at Austin,,Astronomy,Astronomy,,year:2007,year:2010,year:2011,year:2016,,,
42,Queen's University,University of Ottawa,Queen's University,Computer Science,International Development,Computer Science & Psychology,year:1993,year:1996,year:1992,year:1994,year:1986,year:1991,
43,Strathclyde University,Bellahouston Academy,,,,,year:2008,year:2011,,,,,
44,Nanyang Technological University,University of Lucknow,,Physics,,,,,,,,,
45,,,,,,,,,,,,,
46,The University of Queensland,The University of Queensland,,Botany/Plant Biology,Botany/Plant Biology,,year:2002,year:2007,year:1997,year:2000,,,
47,Universitat de Barcelona,Business Management School - Universitat Pompeu Fabra,INESDI; Digital Business School,Grado de Administración y Dirección de Empresas,MBA,Posgrado,year:2012,year:2012,year:2014,year:2014,year:2014,year:2014,
48,Government College of Technology; Coimbatore,College of Engineering; Guindy,,Electronics and Communication,Computer Science and Engineering,,year:1988,year:1992,year:1993,year:1995,,,
49,Manipal Institute of Technology,University of Calcutta,,Information Technology,,,,,,,,,
50,The University of Kansas,University of Kansas,University of California; Berkeley,B.S.B in Business Administration,B.A. in Economics,Master of Information and Data Science; School of Infomation,year:2017,year:2018,,,,,
51,MBA (Entrepreneurship),MIT,,Entrepreneurship/Entrepreneurial Studies,Computer Engineering,,year:2007,year:2009,year:1995,year:2000,,,
52,George Mason University,George Mason University,,,,,year:1992,,year:1998,,,,
53,Yale University,University of Utah,University of Utah,Health Policy and Administration,Mathematics,Biology,year:2008,year:2010,year:2002,year:2007,year:2002,year:2007,
54,S. R. M. Engineering College,,,Information Technology,,,year:1999,year:2003,,,,,
55,New York University,Northwestern University,,Computer Science,Economics,,year:2004,year:2005,year:1995,year:2000,,,
56,Ben Gurion University,,,Psychology & Economics,,,year:2010,year:2013,,,,,
57,Northeastern University,,,Information Systems,,,year:2001,year:2003,,,,,
58,BS (Electrical and Electronics Engg.),Wharton School; University of Pennsylvania,MS (Computer Engineering/Science),Electrical and Electronics Engineering,Computer Engineering / Science,,year:1984,year:1989,year:2006,year:2006,year:1991,year:1994,
59,Sathyabama University,,,Computer Science & Engineering,,,year:2001,year:2005,,,,,
60,Western Governors University,University of Utah,,Information Technology,Psychology,,year:2008,year:2011,year:1998,year:2001,,,
61,Stanford University,NED University of Engineering and Technology,,EECS,,,year:1998,year:2000,year:1990,year:1994,,,
62,University of Rajasthan,Data Science Dojo,Data Science Dojo,,,,year:1994,year:1997,,,,,
63,,,,,,,,,,,,,
64,Birla Institute of Technology and Science; Pilani,,,,,,year:1998,year:1999,,,,,
65,University of Madras,,,Computer Science,,,,,,,,,
66,DeVry,,,Accounting,,,,,,,,,
67,Sri Venkateswara University,Sri Venkateswara University,XLRI Jamshedpur,Computer Science; Maths; and Physics,Computer Science,General Management,year:1992,year:1992,year:1996,year:1996,year:2004,year:2004,
68,University of Pennsylvania,University of Pennsylvania,Oxford University,Computer Science Engineering,Finance,Computing and Maths,year:2000,year:2005,year:2000,year:2005,year:2002,year:2003,
69,,,,,,,,,,,,,
70,Bellarmine College Prep; San Jose; CA,Oregon State University,Santa Clara University,Physics,Physics And Mathematics,Physics,year:2001,year:2001,year:2010,year:2010,year:2005,year:2005,
71,General Assembly,Weatherhead School of Management at Case Western Reserve University,Bucknell University,Data Science,Finance; Strategy,Management,year:2016,year:2016,year:2002,year:2003,year:1996,year:2000,
72,University of South Florida,Lehigh University,,Engineering Management,Industrial Engineering,,year:1996,year:1997,year:1988,year:1992,,,
73,Santa Rosa Junior College,Sonoma State University,College of Marin,Economics; Statistics; Logic; Ethics,Management & Economics,Physics; Calculus; Electronics; Chemistry,year:2009,year:2010,year:2010,year:2011,year:1978,year:1980,
74,Pontifícia Universidade Católica do Rio de Janeiro,Universidade Federal do Rio de Janeiro,IBMEC,Computing Science,Electronic Engineering,Business Administration and Management,year:2008,year:2009,year:2002,year:2006,year:2012,year:2013,
75,The University of Calgary,University of Guelph,,Biochemistry,Applied Microbiology,,,,,,,,
76,University of South Florida,University of Vermont,,Management Information Systems; General,Exercise Physiology,,year:2014,year:2016,year:2008,year:2012,,,
77,I.T.E.S.M.,,,,,,,,,,,,
78,Maria Ana Sanz,,,Ingeniería de software,,,year:2009,year:2009,year:2009,year:2009,,,
79,Villanova University,University of Phoenix,,Psychology,Marketing,,year:1994,year:1998,year:2005,year:2007,,,
80,,,,,,,,,,,,,
81,Imperial College London,Imperial College London,,Mathematics,Statistics,,year:2011,year:2014,year:2014,year:2015,,,
82,University of South Africa/Universiteit van Suid-Afrika,University of Johannesburg,,Management Information Systems; General,Electronics Engineering,,year:2001,,year:1993,year:1996,,,
83,Data Science Dojo,University of California; Davis,Data Science Dojo,Data Science,Systems Analysis,Data Science,year:2015,year:2015,year:1976,year:1976,year:2015,year:2015,
84,McMaster University,Mohawk College,,Life Science,Software Engineering,,month:9;year:1991,month:4;year:1996,month:9;year:1996,month:4;year:1998,,,
85,John Hopkins University,University of Nottingham,John Hopkins University,Civil Engineering,Civil Engineering,,year:2015,year:2015,year:1991,year:1991,year:2015,year:2015,
86,State University of New York at Binghamton,State University of New York at Binghamton,,MBA - Information Systems,Computer Science,,year:2010,year:2011,year:2007,year:2010,,,
87,,,,,,,,,,,,,
88,Carnegie Mellon University,,,Chemical Engineering,,,year:2006,year:2010,,,,,
89,University of Arkansas at Little Rock,University of Arkansas at Little Rock,University of Arkansas at Little Rock,Information Quality,Information Science,Integrated Computing,year:2006,year:2007,year:2002,year:2006,year:2010,year:2014,
90,Sheffield-Chapin/Meservey-Thornton,Iowa State University,University of Nebraska at Omaha,General education,Computer Engineering,Computer Science,year:1988,year:1991,year:1991,year:1996,year:1999,year:2002,
91,The Process Group,Pragmatic Marketing,McGill University,Software Writing Requirements,Practical Product Management,Mini MBA,year:2006,year:2006,year:2006,year:2006,year:2013,year:2014,
92,McGill University,,,Physics,,,year:1998,year:2002,,,,,
93,Miami University,University of Dayton,LHS,MIS,International Business,,year:1998,year:2002,year:2003,year:2005,,,
94,Viterbo University,Data Science Dojo,,Biological Psychology,Data Science,,year:2009,year:2012,,,,,
95,,,,,,,,,,,,,
96,University of California; Davis,University of London,CFA Institute,Molecular Biology and Biochemistry,Finance (unfinished),Chartered Financial Analyst - Level II Candidate,,,,,,,
97,University of Washington,I Love Hot Yoga,University of Washington Information School,Applied Computational and Math Sciences,Master's of Science in Information Management; Specialization in Data Science,,year:2014,year:2014,year:2016,month:6;year:2019,,,
98,Loughborough University,,,Chemical Engineering,,,year:2000,year:2005,,,,,
99,The University of Calgary,University of Calgary,,Biochemistry,Biochemistry,,year:2003,year:2009,year:1999,year:2003,,,
100,Melbourne Business School,University of Melbourne,University of Melbourne,,,,year:2012,year:2013,year:2001,year:2005,year:2001,year:2005,
101,Universitat Politècnica de Catalunya,Universitat Politècnica de Catalunya,,Telecommunications,Information Technology,,year:2002,year:2006,year:2007,year:2009,,,
102,University of Washington,University of Washington; Bothell,University of Washington,Economics,Computer Science & Software Engineering,Economics,year:1992,year:1992,year:2010,year:2010,year:1992,year:1992,
103,Sheffield Hallam University,Royal Navy,Royal Navy,Electrical & Electronic Engineering,Engineering,Electrical & Electronic Engineering,year:2002,year:2002,year:1996,year:1996,year:1996,year:1996,
104,Ryerson University,University of Toronto,Canadian Securities Institute,Ted Rogers School of Information Technology,Certificate in Business Analysis,CSC,year:2003,year:2008,year:2010,year:2011,year:2012,,
105,University of Miami,University of Central Florida,,Biomedical Engineering,Computer Science,,,,,,,,
106,DeVry Institute of Technology,,,Computer Science,,,year:1981,year:1984,,,,,
107,Washington University,University of Rochester,New York Institute of Technology,Electrical Engineering,Electrical Engineering,Electrical Engineering,month:1;year:1997,month:8;year:1998,year:1991,year:1993,year:1993,year:1995,
108,,,,,,,,,,,,,
109,Army Public School (CBSE),Grace Convent Senior Secondary School,GLA Institute of Technology & Management; UP Technical University,PCM,Science and Math,Electronics & Communication Engineering,year:2004,year:2006,year:1997,year:2004,year:2006,year:2010,
110,Bangalore University,Space Central School,Goa Institute of Management,Economics; Mathematics; Statistics,Marketing,,year:1998,year:2001,year:2001,year:2003,,,
111,DePaul University,University of Illinois at Urbana-Champaign,University of Houston,Applied Mathematics; Statistics Concentration,Chemical Engineering,,year:1993,,year:1985,,year:1986,,
112,Iowa State University,University of Colorado at Boulder,Grinnell College,Political Science,Political Science and Quantative Analysis,Political Science,year:1996,year:1998,year:1998,year:2002,year:1991,year:1995,
113,National Technical University of Athens,,,Electrical and Computer Engineer,,,year:2005,year:2012,,,,,
114,University of Illinois\t\t\t\t\t\t\tUrbana,,,Computer Engineering,,,year:2009,year:2013,,,,,
115,Western University,,,Computer Science,,,year:2011,year:2015,,,,,
116,Massachusetts Institute of Technology,University of South Florida,Robert Morris University,Information Systems and Communication,,,year:2006,year:2007,year:2008,year:2011,,,
117,University of Arizona,University of Arizona; Eller College of Management,,Political Science and Sociology,Entrepreneurship,,year:2004,year:2008,year:2013,year:2015,,,
118,,,,,,,,,,,,,
119,DeVry,Franklin University,,Computer Information Systems,Computer Science,,year:1997,year:2001,year:2001,year:2004,,,
120,Ecole Nationale Supérieure d'Informatique et de Mathématiques Appliquées de Grenoble,Universidade Federal do Rio Grande do Sul,Ecole Nationale Supérieure d'Informatique et de Mathématiques Appliquées de Grenoble,Computer Science,Computer Science and Applied Mathematics,Computer Science,year:2008,year:2009,year:2005,year:2007,year:2002,year:2006,
121,Curtin University,The University of Georgia,,Marketing and Management,Principles of Marketing Research,,year:2002,year:2004,year:2010,year:2011,,,
122,Siberian Federal University (former Krasnoyarsk State University),Data Science Dojo,Market Research Society UK; Online Distance Learning,International management,Data science & Engineering boot camp,Market Research - An Introduction,year:2008,year:2012,year:2015,year:2015,year:2011,year:2012,
123,,,,,,,,,,,,,
124,University of Texas at El Paso,Universidade de Brasília,Data Science Dojo (Silicon Valley),Signal Processing,Signal Processing,Data Science,year:2013,year:2014,year:2010,year:2015,year:2015,year:2015,
125,,,,,,,,,,,,,
126,University of Mindanao,University of Mindanao,University of the Philippines,Physics,,,year:1999,year:2005,year:1993,year:1998,year:1989,year:1993,
127,The Academic College of Tel-Aviv; Yaffo,,,Computer Science,,,year:2010,year:2014,,,,,
128,Drew University,The Johns Hopkins University,,Computer Science,Information Systems & Technology,,year:1996,year:2000,year:2005,year:2007,,,
129,Data Science Dojo,Massachusetts Institute of Technology,Stanford University,Physics; Mathematics,Physics,,year:1999,year:2003,year:2003,year:2009,,,
130,University of Waterloo,Wilfrid Laurier University,,Mathematics (Major: Statistics),Business Administration (Major: Marketing),,year:2010,year:2015,year:2010,year:2015,,,
131,McGill University,McGill University,McGill University,Biochemistry / Mathematics,Business Administration and Management; General,Law,year:2001,year:2005,year:2005,year:2009,year:2005,year:2009,
132,Federal University of Campina Grande,Hochschule Esslingen - University of Applied Sciences,University of Sao Paulo,Computer Science,International Industrial Management,Computer Science,year:1993,year:1997,year:2000,year:2001,year:1999,year:1999,
133,,,,,,,,,,,,,
134,Hogeschool van Arnhem en Nijmegen,Radboud Universiteit Nijmegen / University of Nijmegen,University of Amsterdam,Food and Business,Business Administration and Management; General,Business Administration and Management; General,year:2009,year:2014,year:2013,year:2013,year:2015,year:2017,
135,University of California; San Diego,Lynbrook High School,Hackbright Academy,Management Science,Front-End Web Development,,year:2008,year:2012,year:2004,year:2008,,,
136,Christelijke Hogeschool Windesheim,Universiteit van Amsterdam,,Financial Service Management,Executive Programme in Management Studies,,year:2006,year:2011,year:2014,year:2017,,,
137,Sri Sathya Sai Institute of Higher Learning,Sri Sathya Sai Institute of Higher Learning,Sri Sathya Sai Institute of Higher Learning,Mathematics,Mathematics,,year:1988,year:1988,year:1990,year:1990,year:1988,year:1988,
138,Birla Institute of Technology and Science; Pilani,Vellore Institute of Technology,,Software Engineering,Computer Science,,year:2006,year:2008,year:2000,year:2004,,,
139,University of Washington; Michael G. Foster School of Business,North Seattle College,,Marketing; Information System,Business Administration and Management; General,,year:2014,year:2016,year:2012,year:2014,,,
140,Cloud Genius,University of Washington; Michael G. Foster School of Business,University of Washington,Product Management; Technology Adoption; Strategy,Computer Science,Product Management; Technology Adoption; Strategy,year:2016,year:2016,year:2001,year:2001,year:1997,year:1997,
141,Universidad Metropolitana Castro Carazo,Universidad Metropolitana Castro Carazo,Colorado State University,Computer Science,Business Administration and Management; General,Business Administration; Management and Operations,year:1998,year:2004,year:2012,year:2015,year:2011,,
142,University of Virginia,Penn State University,University of Virginia,Astronomy,Astronomy and Astrophysics,Astronomy,year:2006,year:2013,year:2001,year:2005,year:2006,year:2008,
143,University of Florida,University of Florida,Politecnico di Torino,Management,Nuclear  Engineering  Sciences,Nuclear  Engineering,year:2001,year:2001,year:2001,year:2001,year:1994,year:1994,
144,Rutgers; The State University of New Jersey-New Brunswick,Rutgers; The State University of New Jersey-New Brunswick,,Biomedical Engineering,Biomedical Engineering,,year:2014,year:2015,year:2010,year:2014,,,
145,The Ohio State University,University of South Carolina-Columbia,Indian Institute of Technology (Banaras Hindu University); Varanasi,,,,year:2002,year:2009,,,,,
146,,,,,,,,,,,,,
147,Sri Sivasubramaniya Nadar College Of Engineering,Illinois State University,Sri Sivasubramaniya Nadar College Of Engineering,Electrical; Electronic and Communications Engineering Technology/Technician,,,year:2006,year:2008,year:1999,year:2003,,,
148,,,,,,,,,,,,,
149,University of Alberta,,,,,,year:2013,year:2015,,,,,
150,Mangalore University,,,Electrical and Electronics Engineering,,,year:1992,year:1996,,,,,
151,The University of Texas at Austin,Ramrao Adik Institute of Technolog; University of Mumbai,The University of Texas at Austin,Accounting and Business/Management,Electronics,Accounting and Business/Management,,,,,,,
152,The Johns Hopkins University,University of Louisville,University of Louisville,Bloomberg School of Public Health - Data Science Specialization (Coursera),Electrical Engineering (Computer Vision),Electrical Engineering,year:2014,year:2015,year:2006,year:2011,year:2004,year:2006,
153,Udacity,Acadia University,University of Toronto,Machine Learning Engineer,Computer Science,Computer Science,year:2016,,year:2001,year:2005,year:2005,year:2007,
154,Johannes Gutenberg-Universität Mainz,Kazan State Finance and Economics Institute,Universität Bremen,Business and Economics,Business and Economics,Business and Economics,year:2011,year:2011,year:2005,year:2005,year:2008,year:2008,
155,HZ University of Applied Sciences,Nyenrode Business University,University of Bradford,Marketing,General Management,Business Administration,year:1989,year:1993,year:1993,year:1994,year:2009,year:2016,
156,,,,,,,,,,,,,
157,Sri Chandrasekharendra Saraswathi Viswa Mahavidyalaya,Sri Chandrasekharendra Saraswathi Viswa Mahavidyalaya,The University of Texas at Arlington - College of Business,Electronics and Communications,Business Analytics,,year:2007,year:2011,year:2016,year:2017,,,
158,Cibit Academy,Bedrijfskader HBO Eindhoven,IIR Experts in conferenties & trainingen,professionaliserings traject Certified Business Intelligence Professional (CBIP),management; logistiek,Big data analytics; http://iir.nl/events/big-data-analytics/,year:2015,year:2015,year:2016,year:2016,,,
159,Doha College,Queen's University,University of Toronto,Electrical and Electronics Engineering,Electrical; Electronics and Communications Engineering,,year:2000,year:2004,year:2004,year:2005,,,
160,University of Washington,University of Washington,General Assembly,UW Information School,Cloud Data Management & Analytics,Data Science,year:2014,year:2017,year:2014,,year:2016,,
161,University of Colorado at Boulder,University of Washington,,Technology; Media; and Society,Computer Science,,year:2010,year:2013,year:2005,year:2009,,,
162,Nanyang Technological University,,,,,,year:1993,year:1997,,,,,
163,dsj,The University of Tokyo,The University of Tokyo,Engineering,Engineering,,year:2009,year:2011,year:2004,year:2009,,,
164,Charlottenburg-Lancaster District High School,Data science Dojo,University of Waterloo,Physics,,,year:1992,year:1996,year:1996,year:2001,,,
165,University of Washington,Instituto Politécnico Nacional,,Data Science,Information Technology/ Computer Science,,year:2014,year:2014,year:1994,year:1999,,,
166,Kuwait University,,,Chemical Engineering,,,year:2003,year:2008,,,,,
167,Université Al-Akhawayn Ifrane,Duke University,,Economics; International Studies; Arabic Language,,,year:2010,year:2010,year:2008,year:2012,,,
168,Ural State Technical University,Ural State Technical University,University of Amsterdam Business School,Automated systems and software development,,,year:1998,year:2004,year:2016,year:2020,year:2012,year:2014,
169,Columbia University in the City of New York,,,Quantitative Methods in the Social Sciences,,,year:2002,year:2004,,,,,
170,,,,,,,,,,,,,
171,Kendriya Vidyalaya,Punjabi University,Punjabi University,,,,year:1992,year:1992,year:1992,year:1992,,,
172,Universitat Jaume I,Universitat Jaume I,Universitat Jaume I,Computer Science,Computer Science,Computer Science,year:2002,year:2003,year:1991,year:1997,year:2004,year:2007,
173,Université de Technologie de Troyes,Rumson-Fair Haven Regional High School,University of Michigan,Project Management & European History,Industrial and Operations Engineering,,year:2011,year:2011,year:2005,year:2009,year:2009,year:2013,
174,Galvanize - San Francisco; SoMa,Institute of Computer Applications,City University,Data Science,Computer Applications,Statistics and Operations Research,year:2017,year:2018,year:2002,year:2005,year:1998,year:2001,
175,Stichting Deeltijd Opleidingen,NCOI,,Payroll,Projectmanagement,,year:2011,year:2012,year:2014,year:2015,,,
176,North Carolina State University - College of Management,CED Solutions,University of North Carolina at Charlotte - Belk College of Business,MIS,,,year:2000,year:2002,year:1995,year:2000,,,
177,,,,,,,,,,,,,
178,The George Washington University,Regent University,Bucknell University,Education,Communication,Electrical Engineering,year:1996,year:1998,year:1998,year:2001,year:1988,year:1992,
179,,,,,,,,,,,,,
180,University of Puget Sound,General Assembly,Wellesley College,Teaching,Computer Science,,year:2002,year:2004,year:2016,,year:1992,year:1994,
181,Nicholls State University,Nicholls State University,,Post Secondary Mathematics Education,Computer Science,,year:2007,year:2009,year:2002,year:2007,,,
182,Data Science Dojo,University of Liverpool,European Business School - London,Data Science,Financial Economics,International Business,year:2015,year:2015,year:2000,year:2000,year:2008,year:2008,
183,,,,,,,,,,,,,
184,Villanova University,Rutgers; The State University of New Jersey-New Brunswick,Villanova University,Liberal Arts; Honors Program,Sociology,sociology,year:2002,year:2006,year:2007,year:2010,year:2002,year:2006,
185,University of Washington,University of Washington,,Computational and Applied Mathematics,Computational and Applied Mathematics,,year:2008,year:2008,year:2008,year:2008,,,
186,Brigham Young University,,,Design Engineering Technology,,,year:1980,year:1987,,,,,
187,University of Southern California,Maulana Azad National Institute of Technology,National Institute of Technology; Bhopal,Computer Science,Electronics,Electronics and Telecommunication,year:2001,year:2003,year:1995,year:1999,year:1995,year:1999,
188,Stanford University,University of California; Santa Cruz,Santa Clara University,Continuing Education,Silicon Valley Business Executive,Leading People and Organizations; Entrepreneurship,year:2005,,year:2007,,year:2009,year:2013,
189,UCL,Imperial College London,University of Oxford,Digital Anthropology,Digital Anthropology,,,,,,,,
190,,,,,,,,,,,,,
191,Babson College - Franklin W. Olin Graduate School of Business,Universite William Booth,,Entrepreneurship and Global Strategic Management,Business Administration - Marketing & Finance,,year:2010,year:2013,year:2001,year:2005,,,
192,Howest,,,Information Science,,,,,,,,,
193,University of Notre Dame,Data Science Dojo,St. Olaf College,Theoretical and Mathematical Physics,Physics; Mathematics,,year:2007,year:2016,year:2001,year:2005,,,
194,Pacific Lutheran University - School of Business,Pacific Lutheran University,Pacific Lutheran University - School of Business,Applied Economics,Computer Science,Applied Economics,,,,,,,
195,Rochester Institute of Technology,California State University-Northridge,Cornell University,International Marketing; Computer Science,,,year:1989,year:1994,,,,,
196,University of Hertfordshire,,,Computing and Engineering Acoustics,,,year:1996,year:1997,,,,,
197,Boise State University,Boise State University,,Production and Operations Management,,,year:1991,year:1995,year:2004,year:2006,,,
198,,,,,,,,,,,,,
199,The Open University,Duale Hochschule Baden-Württemberg Mannheim,,Technology Management,International Business Information Technology,,year:2013,year:2016,year:2006,year:2009,,,
200,,,,,,,,,,,,,
201,Universidad de Guadalajara,,,Administration,,,,,,,,,
202,UC San Diego & San Diego State University,McGill University,,Language and Communicative Disorders,Linguistics & Psychology,,year:2004,year:2009,year:1999,year:2003,,,
203,The University of British Columbia,,,Cell biology and genetics,,,,,,,,,
204,Portland State University,University of Washington,,Economics,Economics,,year:2007,year:2009,year:2003,year:2007,,,
205,,,,,,,,,,,,,
206,University of Melbourne,McGill University,McGill University,Finance,Computer Science,General Management; Finance & Strategic Management,year:2013,year:2013,year:2014,year:2017,year:2011,year:2014,
207,University of Allahabad,University of Pune,Boys' High School and College,Business; Maths; Statistics; Accounting; Law; Ecconomics,Business Management and Information Technology,Physics; Chemistry and Mathematics,year:1993,year:1996,year:1996,year:1999,year:1990,year:1993,
208,Data Science Dojo,Helsingin yliopisto,Universidad Autónoma de Madrid,Software Engineering; Software Processes and Quality; Opportunistic Networks.,Computer Systems and Web Applications; Distributed Systems; Operating Systems; Computer Architecture,Software Engineering; Software Processes and Quality; Opportunistic Networks.,year:2007,year:2007,year:2003,year:2003,year:2007,year:2007,
209,Universitat Autònoma de Barcelona,,,Computer Engineering,,,year:1993,year:2000,,,,,
210,Fundação Dom Cabral,Escola Superior de Propaganda e Marketing,,Business Administration and Management; General,Marketing/Marketing Management; General,,year:2015,year:2016,year:2004,year:2008,,,
211,,,,,,,,,,,,,
212,University of Cambridge,Kuopion Lyseon lukio,Aalto-yliopisto,Physics,Physics,,year:2003,year:2007,year:1999,year:2002,year:2007,year:2011,
213,Universität Bern,Singapore Management University,Universität Bern,Economics & Quantitative Finance,Economics & Quantitative Finance,,year:2012,year:2012,year:2010,year:2010,year:2012,year:2012,
214,IIT Kharagpur,IIT Roorkee,,Computer Science and Data Processing,Mathematics,,year:2005,year:2007,,,,,
215,Information Computer Systmes; Jaipur; India,Portland Community College,University of Rajasthan,Computer Science,Computer Science,Commerce,year:1992,year:1995,year:1999,year:2000,year:1989,year:1992,
216,University of Waterloo,,,Computer Science,,,year:1982,year:1987,,,,,
217,University of Waterloo,University of Waterloo,,Psychology,Social Psychology; Cross-Cultural Psychology,,year:2003,year:2006,year:2006,year:2011,,,
218,,,,,,,,,,,,,
219,University of Washington; Michael G. Foster School of Business,South Seattle Community College,Seattle Central Community College,Business Administration; Accounting and Information Systems,Graphic Imaging and Printing,,year:2016,,,,,,
220,University of Washington,,,,,,year:2003,year:2005,,,,,
221,Stanford University,University of Washington,University of Washington,,,,year:2015,year:2016,year:2014,year:2014,year:2014,year:2015,
222,Nanyang Technological University,,,Information Engineering an Media,,,year:2010,year:2014,,,,,
223,Saginaw Valley State University,Delta College,Saint Joseph's University,Computer Information Systems,Web Information Technology,Business Intelligence & Analytics,year:2010,year:2014,year:2008,year:2010,year:2016,year:2018,
224,Data Science Dojo,Milwaukee School of Engineering,,Electrical Engineering,,,year:1984,year:1989,,,,,
225,University of Washington,University of Washington,,Aerospace; Aeronautical and Astronautical Engineering,Aerospace; Aeronautical and Astronautical Engineering,,year:1992,year:1993,year:1986,year:1990,,,
226,Lithan Hall Academy,Nanyang Technological University,Lithan Hall Academy,Big Data Analytics,Computer Engineering,Database Management (BI Application),year:2015,year:2015,year:1996,year:1996,year:2013,year:2013,
227,Kobe University of Commerce,,,Economics,,,year:1992,year:1996,,,,,
228,Uttar Pradesh Technical University,,,INFORMATION TECHNOLOGY,,,,,,,,,
229,,,,,,,,,,,,,
230,Andhra University,,,Electronics and Instrumentation,,,year:2001,year:2005,,,,,
231,Andhra University,Washington University in St. Louis - Olin Business School,Andhra University,Electronics Engineering,Electronics Engineering,,year:2001,year:2001,year:2009,year:2009,year:2001,year:2001,
232,Cary-Grove HS,Brigham Young University,University of Tennessee; Knoxville,Statistics,Statistics,,year:1989,year:1996,year:1996,year:1998,,,
233,University of Washington,University of Maryland University College,University of Washington,Technology Management MBA (TMMBA)(2016 graduation),Computer Studies,Technology Management MBA (TMMBA)(2016 graduation),year:2014,year:2014,year:2003,year:2003,year:2014,year:2014,
234,China University of Geosciences (Beijing),Xi'an International University,China University of Geosciences (Beijing),Computer Science,Information Communication System,,year:1999,year:2003,year:2004,year:2007,,,
235,North Carolina State University,North Carolina State University,North Carolina State University,Wildlife Zoological Medicine/Public Health and Epidemiology,Fisheries; Wildlife; and Conservation Biology,Plant Pathology/BioInformatics,year:2005,year:2005,year:2009,year:2009,year:2003,year:2003,
236,Memorial University of Newfoundland,Data science dojo,,Science,,,year:2008,year:2013,,,,,
237,New Mexico State University,New Mexico State University,,Computer Science,Business Administration,,year:2001,year:2005,year:2007,year:2009,,,
238,Hebei Normal University of Science & Technology,Hebei Normal University of Science & Technology,Maharishi University of Management,Computer Technology,Computer Science,Mathematics and Applied Mathematics,year:2010,year:2013,year:2014,year:2016,year:2001,year:2005,
239,Universitat Jaume I,Universitat Jaume I,Carmelitas,Computer Science,,,year:1993,year:1998,,,,,
240,Washington State University - College of Business and Economics,,,Management Information Systems,,,,,,,,,
241,,,,,,,,,,,,,
242,Southeast Missouri State University - Harrison College of Business,University of Missouri-Saint Louis,,School Mathematics and Computer,Marketing/Marketing Management; General,Management Science & Marketing,year:2000,year:2002,year:1997,,,,
243,University of Pune,,,Computer Science,,,year:1994,year:1998,,,,,
244,Barkatullah Vishwavidyalaya,Indian Institute of Technology; Kanpur,Barkatullah Vishwavidyalaya,Computer Science and Engineering,Computer Science and Engineering,,year:1999,year:2001,year:1995,year:1999,,,
245,University of Rizal System-Rizal State College,University of Rizal,University of Rizal System-Rizal State College,Educational Management,Mathematics Teaching,Mathematical Sciences / Statistics,year:1999,year:2010,year:2002,year:2006,year:2007,year:2010,
246,Stanford University,Stanford University,,Electrical Engineering,Management Science & Engineering,,year:2004,year:2007,year:2006,year:2009,,,
247,,,,,,,,,,,,,
248,Pontifícia Universidade Católica do Rio de Janeiro,Harvard Business School,Coppead UFRJ,Computer Science,Business Administration and Management; General,,year:2015,year:2018,year:2014,year:2015,year:2011,year:2011,
249,Universidade do Minho / University of Minho,VU University Amsterdam,,,,,year:2011,year:2013,year:2014,year:2016,,,
250,Ryerson University,Universidade Federal do Rio de Janeiro,Universidade Federal do Rio de Janeiro,Business Systems,Systems and Computing Engineering,,year:2012,year:2012,year:2005,year:2007,year:2007,year:2009,
251,Saxion Hogeschool Deventer,Saxion Hogeschool Deventer,Eindhoven University of Technology,HEAO Bedrijfskundige Informatica,Scheikundige Technologie,Chemical Engineering,year:1997,year:1999,year:1990,year:1993,year:1986,year:1990,
252,Harvard Business School,Harvard Business School,Florida International University - College of Business,Business,Business of Entertainment; Media; and Sports,New Venture Capital Business and Services in America,year:2015,year:2016,year:2014,year:2014,year:2014,year:2014,
253,University of Pennsylvania,Arizona State University,,Mathematatics,Astrophysics,,year:2010,year:2013,,,,,
254,University of Belgrade,Katholieke Universiteit Leuven,Data Science Dojo,Biomedical and Ecological Engineering,Biomedical Sciences,,year:2010,year:2011,year:2012,year:2016,year:2016,year:2016,
255,ITC Galilei,Boise State University,ITC Galilei,Computer Science,International Business,Accounting and Finance,year:1989,year:1990,year:2009,year:2015,year:1984,year:1989,
256,Chagrin Falls High School,HBX | Harvard Business School Online,Penn State University,Industrial and Manufacturing Engineering,,,year:2015,,year:2010,year:2014,,,
257,Portland State University,Whitman College,University of Washington; Michael G. Foster School of Business,Real Estate,Geology,Finance and Strategy,year:2008,year:2008,year:1997,year:2001,year:2008,year:2010,
258,UBS Investment Bank,Seton Hall University,,Graduate Training Program,Finance and Economics,,year:2010,year:2012,year:2006,year:2010,,,
259,Brigham Young University,Brigham Young University,,Computer Science,Business Management,,month:4;year:1995,month:8;year:2000,month:8;year:2003,month:8;year:2005,,,
260,Freie Universität Berlin,Universität Wien,Universität St. Gallen-Hochschule für Wirtschafts-; Rechts- und Sozialwissenschaften,Economics,Economics,Economics,year:2010,year:2013,year:2012,year:2012,year:2014,year:2015,
261,Northwestern University - Kellogg School of Management,New York University in London,New York University - Leonard N. Stern School of Business,Entrepreneurship/Entrepreneurial Studies,Finance; Economics,,year:2016,month:6;year:2018,year:2010,year:2010,year:2008,year:2012,
262,SMAK 1 BPK PENABUR Jakarta,University of Waterloo,National University of Singapore,Natural Sciences,Mathematics,Applied Mathematics with minor in Management,,,,,,,
263,Data Science Bootcamp,University of California Riverside,University of California Washington DC Program (UCDC),Data Science & Machine Learning,Political Science/International Relations,Public Policy,year:2015,year:2015,year:2006,year:2011,year:2010,year:2011,
264,Humber College,York University,Bitmaker Labs,Theatre Performance,Theatre/Theater,Ruby on Rails; Javascript; Web Development,year:2007,year:2010,year:2011,year:2014,year:2014,year:2014,
265,,,,,,,,,,,,,
266,Lycee Paul Heroult,Université Joseph Fourier (Grenoble I),,,,,year:1996,year:2002,year:2000,year:2003,,,
267,Data Science Dojo,University of Toronto,,Computer Science and Physics,,,year:1998,year:2004,,,,,
268,Columbia University Teachers College,Udacity,Cornell University - S.C. Johnson Graduate School of Management,Computing in Education,Computer Programming,Entrepreneurship,year:2012,year:2015,year:2015,year:2016,year:2009,year:2011,
269,University of Minnesota-Twin Cities,University of Wisconsin-Green Bay,Metropolitan State University,Humanities,Biology and Pre-med,Business Philosophy and Ethics,year:1990,year:1995,year:1987,year:1989,year:1997,year:1998,
270,St. Cloud State University,George Washington University,The Johns Hopkins University,Economics / International Relations,Survey Design and Data Analysis,Applied Economics,year:2003,year:2008,year:2011,year:2011,year:2012,year:2014,
271,Georgia State University - J. Mack Robinson College of Business,Florida State University,,Mathematical Risk Management,Economics,,year:2010,year:2011,year:2005,year:2009,,,
272,University of Tübingen,,,Marketing,,,year:2001,,,,,,
273,Hazen Hight School,Washington State University,Hazen Hight School,College Prep,Computer Engineering; minors in Math and Physics,College Prep,year:1985,year:1985,year:1996,year:1996,year:1985,year:1985,
274,HTS Amsterdam,CIBIT,Vrije Universiteit Amsterdam,Technical Computer Science,Cooperative Computing,Informatica,year:1988,year:1991,year:1996,year:1998,year:1991,year:1994,
275,UCLA,UCSD,UCLA,Mathematics,Mathematics,Mathematics,year:2001,year:2003,year:2004,year:2011,year:1999,year:2003,
276,,,,,,,,,,,,,
277,Wuhan University,Wuhan University,Brigham Young University,Physics or Space Physics,Digital Image Processing,Computer Science,year:1979,year:1979,year:1983,year:1983,year:1989,year:1989,
278,,,,,,,,,,,,,
279,Universidad Nacional de Misiones,Data Science Dojo,Universidad Nacional de Misiones,Data Science,Data Mining,,year:2016,year:2016,year:2015,year:2015,year:2016,year:2016,
280,Manchester Business School,Sri Bhagawan Mahaveer Jain College,Visvesvaraya Technological University,Information Science,,,year:2012,year:2015,year:2001,year:2003,year:2003,year:2007,
281,University of Kentucky,University of Kentucky,,Computer Science,Computer Science,,year:1994,year:1994,year:1994,year:1994,,,
282,Portland State University,University of Puget Sound,Oregon State University,General Studies; Computer Science; Writing,Environmental Science; Geosciences,,year:1997,year:2001,year:1991,year:1992,year:1992,year:1997,
283,The University of Texas at Austin,datascience,The University of Texas at El Paso,Economics,Mathematics with Actuarial Sciences Concentration,,year:2000,year:2004,year:1996,year:1999,,,
284,Cairo University,Arab Academy for Science; Technology and Maritime Transport,Arab Academy for Science; Technology and Maritime Transport,Information Systems Data Mining,Computer Engineering,Information Systems,year:2012,year:2016,year:1998,year:2003,year:2007,year:2009,
285,Computerman College,,,IT,,,year:1999,year:2003,,,,,
286,Sharif University of Technology,Petroleum University of Technology,University of Southern California,Petroleum Engineering,Petroleum Engineering,Petroleum Engineering,year:2005,year:2007,year:2001,year:2005,year:2009,year:2013,
287,Ibmec Business School,Pontifícia Universidade Católica do Rio de Janeiro,Centro Universitário Ritter dos Reis - UniRitter,Business Administration; Management and Operations,Design; Data Visualization; Visual Rhetoric; Digital Journalism; New Media,Design; IHC,year:2013,year:2014,year:2010,year:2012,year:2003,year:2007,
288,,,,,,,,,,,,,
289,HTX Ringsted,Københavns Universitet / University of Copenhagen,Københavns Universitet / University of Copenhagen,Physics (Particle Physics),Physics,,year:2005,year:2011,year:2005,year:2008,,,
290,International Management Institute; Belgium,University of Tehran,,MBA,Industrial Engineering,,year:2004,year:2006,year:1999,year:2002,,,
291,San Jose State University,College of San Mateo,,Computer Science,Computer Science,,year:2003,year:2007,,,,,
292,International Islamic University,International Islamic University,St. Anthony's High School,Software Engineering,Science,,year:1998,year:2001,year:1984,year:1995,,,
293,Karachi University,,,,,,year:1994,year:1996,,,,,
294,Punjab College of Information Technology,National University of Sciences and Technology (NUST),COMSATS Institute of Information and Technology,Pre Engineering,Computer Engineering,Computer Engineering,year:2005,year:2007,year:2012,year:2016,year:2007,year:2011,
295,University of the Philippines,,,Statistics,,,year:2002,year:2006,,,,,
296,University of Washington,,,Economics,,,year:2010,,,,,,
297,University of Toronto,University of Toronto - Trinity College,University of California; Los Angeles,Geology,Geology,Earth Science,year:2001,year:2010,year:1994,year:1998,year:1998,year:2001,
298,University of Utah,University of Utah,The London School of Economics and Political Science (LSE),Economics,Econometrics,Summer Methods Programme 2015; Introduction to Data Science and Big Data Analytics,year:2015,year:2015,year:2015,year:2015,,,
299,Bharathidasan University,Bharathidasan University,,Computer Science,,,year:1996,year:1999,,,,,
300,Brown University,,,Computer Science,,,year:2016,,,,,,
301,Arizona State University,Amrita School of Engineering,,Industrial Engineering,Mechanical,,year:2013,year:2015,year:2007,year:2011,,,
302,,,,,,,,,,,,,
303,Technion - Israel Institute of Technology,Microsoft Professional Program,Technion - Israel Institute of Technology,Data Science,,,year:1994,year:1998,year:2016,year:2017,year:2003,year:2005,
304,Massachusetts Institute of Technology,Harvard Business School,Harvard Business School,,,,year:2013,year:2013,year:2013,year:2013,year:2015,year:2015,
305,Nanyang Technological University,National University of Singapore,Carnegie Mellon University - Tepper School of Business,Financial Engineering,Software Engineering,,year:2009,year:2011,year:2006,year:2008,year:2011,year:2011,
306,,,,,,,,,,,,,
307,Rutgers; The State University of New Jersey-New Brunswick,Oregon State University,Oregon State University,physics,Mathematics,physics,year:1992,year:1997,year:1988,year:1992,year:1988,year:1992,
308,Göteborgs universitet / University of Gothenburg,Vrije Universiteit Amsterdam,Göteborgs universitet / University of Gothenburg,Computational and Applied Mathematics,Applied Mathematics,Applied Mathematics,year:2012,year:2013,year:2013,year:2014,year:2009,year:2012,
309,Bharati Vidyapeeth,,,Computer Science,,,,,,,,,
310,Birla Institute of Technology and Science,Datasciencedojo,LSU Shreveport,Software Engneering,Entrepreneurship,,year:2016,year:2018,,,,,
311,Stanford University,Stanford University,Stanford University,Management Science and Engineering,Management Science and Engineering,Philosophy and Literature,year:2010,year:2015,year:2008,year:2010,year:2004,year:2008,
312,Madurai Kamaraj University,Madurai Kamaraj University,National Institute of Information Technology(NIIT),English Language and Literature; General,Computer Science,Management Information Systems; General,year:1997,year:1999,year:1994,year:1998,year:1999,year:2000,
313,University of Ibadan,University of Westminster,,Communication and Media Studies,Information Systems Management,,year:1988,year:1992,year:1998,year:2000,,,
314,Chosun University,????? / Chosun University,????? / Chosun University,Computer Engineering,Computer Engineering,Electrical and Electronics Engineering,year:2009,year:2013,year:2007,year:2009,year:1995,year:2001,
315,,,,,,,,,,,,,
316,Universitat de les Illes Balears,Universidad de la República,Universidad de Montevideo,Physics,Physics,Industrial Engineer,year:2011,year:2015,year:2007,year:2011,year:2004,year:2009,
317,University of Texas; El Paso,R. V. College of Engineering; Bangalore,Northwestern University - Kellogg School of Management,Engineering,Engineering,General Management,year:2010,year:2011,,,,,
318,,,,,,,,,,,,,
319,University of Michigan,University of Michigan - Stephen M. Ross School of Business,,Economics and Psychology,Business Administration,,year:1991,year:1993,,,,,
320,London Business School,Sheffield Hallam University,London Business School,Managing Change,Managing Change,,year:1989,year:1989,year:1994,year:1994,year:1989,year:1989,
321,Yale University,Stuart Country Day School,,History; Literature,,,year:1991,year:1995,year:1987,year:1991,,,
322,University of South Florida,,,Economics,,,year:2012,year:2013,,,,,
323,Katholieke Universiteit Leuven,,,Sciences,,,year:1995,year:2004,,,,,
324,University of Toronto,Centre for Addiction and Mental Health,,Criminology,Social Sciences,,year:1993,year:2002,year:2002,year:2003,,,
325,Agile Coaching Institute,Coursera,Coursera,Coaching applied to an Agile context,Data Science Specialization,,year:2016,year:2017,year:2014,year:2016,,,
326,University of Amsterdam,University of Groningen,Kansas State University,Actuarial Science,Econometrics,Mathematical Statistics and Probability,year:2002,year:2005,year:1985,year:1992,year:1989,year:1990,
327,University of the West of Scotland,Jagiellonian University,Jagiellonian University,Computer Science,Computer Science; specialty: Modeling; Cognition and Control (mc2),Computer Science; specialty: Software Engineering,year:2011,year:2012,year:2011,year:2013,year:2008,year:2011,
328,,,,,,,,,,,,,
329,PSG CAS,PSG College of Technology,PSG CAS,Electronics,Computer Applications,Electronics,year:1992,year:1992,year:1995,year:1995,year:1992,year:1992,
330,Ramrao Adik Institite of Technology,University of Houston-Clear Lake,,engineering,Management Information Systems,,year:2007,year:2011,year:2013,year:2015,,,
331,Nagpur University,TAPMI,University of Cincinnati,Electronics,Business Administration and Management; General,Business Analytics,year:2002,year:2006,year:2007,year:2009,year:2013,year:2014,
332,Indian Institute of Technology; Bombay,,,Optimizations in Engineering Design/Management/Indian Economy/...,,,,,,,,,
333,University of Mumbai,,,Electronics,,,year:1996,year:2000,,,,,
334,University of Calicut,Coimbatore Institute of Technology,University of Calicut,Physics,Computer Science,Physics,year:1994,year:1994,year:1998,year:1998,year:1994,year:1994,
335,,,,,,,,,,,,,
336,University of Oxford,The London School of Economics and Political Science (LSE),,Economics,Economics,,year:2007,,year:2003,,,,
337,Kendriya Vidyalaya,Delhi University,Kendriya Vidyalaya,Computer Science,Computer Science,,year:1996,year:1996,year:1996,year:1996,,,
338,Whitman College,,,Economics,,,year:1999,year:2003,,,,,
339,Pontifícia Universidade Católica do Rio de Janeiro,Pontifícia Universidade Católica do Rio de Janeiro,Ibmec Business School / IBMEC,Semantic publishing on the Web,Computer Science,Business Management,year:2009,year:2012,year:2016,year:2019,year:2012,year:2013,
340,Maharaja Sayajirao University,University of Pune,Fergusson College,Physics,Electronic Science,Electronics,year:1997,year:2000,year:2000,year:2002,year:2000,year:2002,
341,B. M. S. College of Engineering,Wayne State University,Jindal Public School,Mechanical Engineering,Industrial Engineering,,year:1994,year:1998,year:1988,year:1990,,,
342,Karnatak University,,,Electronics and Communication Engineering,,,year:1991,year:1995,,,,,
343,New York Institute of Technology-Old Westbury,BVB,BVB,Computer Science,,,,,,,,,
344,Bharathiar University,Northern Illinois University,,Computer Science,Computer Science,,year:1990,year:1994,year:1995,year:1997,,,
345,Hogeschool Zeeland,Fontys Hogescholen,Edinburgh Napier University,Marketing,Secondary Education and Teaching,Business Management & Entrepreneurship,year:2008,year:2011,year:2011,year:2012,year:2012,year:2013,
346,National University of Computer and Emerging Sciences,SZabist,,computer science,Computer Science,,year:1999,year:2002,year:2002,year:2003,,,
347,Virginia Commonwealth University,George Mason University,Virginia Commonwealth University,Information Systems,Information Technology,Information Systems,year:1997,year:1999,year:2000,year:2004,year:1979,year:1983,
348,Fundação Getulio Vargas,,,,,,year:2008,year:2014,,,,,
349,SKVT,Jawaharlal Nehru Technological University,,Electrical and Electronics Engineering,,,year:1997,year:2001,,,,,
350,Williams College,,,Economics,,,,,,,,,
351,Iowa State University,University of Minnesota-Twin Cities,,Computer Engineering,Electrical Engineering,,year:2000,year:2004,year:1999,year:2000,,,
352,New York University,California College of the Arts,Monterey Institute of International Studies,French Language and Literature,Adobe Creative Cloud Digital Tools,Development Project Management and Innovation for Development (May-June 2014),year:2009,year:2010,year:2016,year:2016,year:2014,year:2014,
353,University of Technology; Sydney,,,,,,year:2008,year:2010,,,,,
354,,,,,,,,,,,,,
355,San Jose State University,,,,,,year:1995,year:1998,,,,,
356,National Outdoor Leadership School,Ludwig-Maximilians Universität München / LMU Munich,Bowdoin College,Teton Valley Branch,,,,,,,,,
357,Universidad Metropolitana (VE),Northwestern University - Kellogg School of Management,Universidad Metropolitana (VE),Systems Engineering,Systems Engineering,,year:1988,year:1988,year:2002,year:2002,year:1988,year:1988,
358,Mapua Institute of Technology,,,Electrical; Electronics and Communications Engineering,,,year:1990,year:1996,,,,,
359,University of Alberta,Dalian University of Technology,University of Alberta,Bio-statistics,Mechanical Engineering,Biostatistics,year:2012,year:2016,year:1996,year:2000,year:2012,year:2016,
360,The Johns Hopkins University,The Johns Hopkins University,The Johns Hopkins University,Environmental Engineering,Engineering Mechanics,Mechanical Engineering,year:1996,year:2002,year:1987,year:1991,year:1993,year:1996,
361,Universitas Sumatera Utara (USU),Data Science Dojo,Universitas Sumatera Utara (USU),Data Science & Data Engineering,Chemical Engineering,,year:2016,year:2016,year:2001,year:2005,,,
362,Estonian Academy of Security Sciences,University of Tartu,,Taxation and Customs,Business Adminstration (Financial Management),,year:2006,year:2010,year:2011,year:2013,,,
363,University of Warwick,,,Maths; Operational Research; Statistics and Economics,,,year:1990,year:1993,,,,,
364,Alliance Française,Universidad de Alcalá,--,Especializacion en consultoría e-TIC,,,year:2012,year:2013,year:2006,year:2007,,,
365,Vaikunth Mehta National Institute of Cooperative Management,Basil School,University of Pune,Marketing,Computer Science,Marketing,year:1996,year:1996,year:1990,year:1990,year:1993,year:1993,
366,????????????? ??????????????? ??????????? (???),,,,,,year:1990,year:1997,,,,,
367,Spanish River,Georgia Institute of Technology,,Chemical Engineering,,,year:2010,,,,,,
368,Seattle Pacific University - School of Business and Economics,Arizona State University - W. P. Carey School of Business,Seattle Pacific University,Information Systems,Computer Science,Information Systems Management,year:2000,year:2004,year:1986,year:1993,year:1993,year:1997,
369,California State University-East Bay,California State University-East Bay,Stanford University,Computer Science,Business Administration & Marketing,Marketing,year:1998,year:2003,year:2003,year:2006,year:1999,year:2001,
370,Université de Poitiers,Université de Poitiers,Ecole nationale supérieure de Mécanique et d'Aérotechnique,Material Physics,Material Physics,Chemical Physics,year:2003,year:2004,year:2001,year:2004,year:2004,year:2007,
371,University of Washington,College of Engineering; Guindy,,Electronics and Communication Engineering,,,year:2015,year:2016,year:2000,year:2004,,,
372,Maulana Azad National Institute of Technology,Maulana Azad National Institute of Technology,,Electrical Engineering,Electrical Engineering,,,,,,,,
373,comsats institute of information technology,Worcester Polytechnic Institute,,Computer Science,Computer Science,,year:1999,year:2003,year:2007,year:2009,,,
374,National Institute of Information Technology,Osmania University,National Institute of Information Technology,Computer Science,Computer,Data Modeling/Warehousing and Data Visualization,year:1999,year:2002,year:2000,year:2003,year:2014,year:2015,
375,Vivekanand Education Society's Institute Of Technology,University of Mumbai,Vivekanand Education Society's Institute Of Technology,Electronics Engineering,Electronics Engineering,,year:1995,year:1998,year:1992,year:1995,,,
376,North Orissa University,North Orissa University,North Orissa University,Mechanical Engineering,Mechanical Engineering,,year:1997,year:1997,year:1997,year:1997,,,
377,Universiteit Utrecht,Universiteit Utrecht,,English: Education and Communciation,Engelse taal- en letterkunde,,year:2011,year:2014,year:2007,year:2010,,,
378,Jawaharlal Nehru Technological University,,,,,,,,,,,,
379,Utkal University,Indian Institute of Technology; Kanpur,Utkal University,Engineering,MME,Engineering,year:1995,year:1995,year:1999,year:1999,year:1995,year:1995,
380,Osmania University,,,Computer Science,,,year:1994,year:1997,,,,,
381,PSG College of Technology,YWCA,,Electrical and Electronics,,,year:1997,year:2002,,,,,
382,Canara,Manipal Institute of Technology,,Electronics and Communications Engineering,,,year:1998,year:2002,,,,,
383,Indian Institute of Technology; Bombay,,,,,,year:2001,year:2005,,,,,
384,University of Phoenix,State University of New York College at Brockport,,eBusiness,Psychology,,year:2002,year:2004,year:1991,year:1996,,,
385,,,,,,,,,,,,,
386,University of New Brunswick,University of Toronto,University of Toronto,Mechanical Engineering,Geophysics and Seismology,Mechanical and Aerospace Engineering,year:2003,year:2008,year:2011,year:2014,year:2008,year:2010,
387,City University of Seattle,The George Washington University,University of Washington,Computer Science,Engineering Management,Computer Science,year:2019,,,,,,
388,,,,,,,,,,,,,
389,TMI,Loughborough University,Oxford Tutorial College,Automotive Engineering,Maths; Physics and Computing,,year:2006,year:2011,year:2005,year:2006,,,
390,Richard Gilder Graduate School at the American Museum of Natural History,University of North Carolina at Chapel Hill,Richard Gilder Graduate School at the American Museum of Natural History,Geological and Earth Sciences/Geosciences,Comparative Biology,,year:2005,year:2008,year:2008,year:2012,,,
391,Greenwich University,Greenwich University,,,,,year:2000,year:2004,,,,,
392,University of Washington,,,Computer Science,,,,,,,,,
393,Columbia Business School,Texas A&M University,,Computer Science,,,,,,,,,
394,Lycee Labourdonnais,University of Waterloo,,Business/Commerce; General,Environment and Business,,year:1999,year:2011,year:2011,year:2016,,,
395,,,,,,,,,,,,,
396,Cluny Convent,Bangalore University,Northwestern University,Computer Science,Analytics,,year:1989,year:1993,year:2015,year:2017,,,
397,,,,,,,,,,,,,
398,Villanova University,,,Finance; Mathematics; Accounting,,,year:2008,year:2012,,,,,
399,University of Toronto,The University of Glasgow,,Electrical & Computer Engineering,Electronics & Electrical Engineering,,year:2013,year:2016,year:2010,year:2013,,,
400,North Carolina State University,Anna University,North Carolina State University,Computer Science,Computer Science,Computer Science,year:2009,year:2009,year:2004,year:2004,year:2009,year:2009,
401,University of Madras,University of Madras,,Computer Science and Mathematics,Computer Science and Mathematics,,year:2000,year:2000,year:2000,year:2000,,,
402,University College Cork,Intermediate School Killorglin,Trinity College; Dublin,BSc. Mathematical Sciences,MSc. High Performance Computing,,year:2009,year:2013,year:2005,year:2009,year:2014,year:2015,
403,The Army - Danish Life Regiment,Copenhagen Business School,University of Bath,Motorized Infantry,International Marketing and Management,International Marketing and Management,year:1987,year:1989,year:1990,year:1995,year:1994,year:1995,
404,Kalinga Institute of Industrial Technology,University of Washington,,Information Technology,Computer Science,,year:2003,year:2007,year:2013,year:2016,,,
405,Acharya Nagarjuna University,Gowtham Public School,,Computer Science,Mathematics and Computer Science,,year:2005,year:2009,year:2003,year:2005,,,
406,Dev Bootcamp,The George Washington University,,Web Development,Political Communication; Journalism.,,year:2013,year:2013,year:2005,year:2008,,,
407,Anna University,,,Information Technology,,,year:2001,year:2005,,,,,
408,University of Minnesota-Duluth,North Dakota State University,,Marketing Analytics and Mathematics,,,year:2010,year:2013,year:2009,year:2010,,,
409,Virginia Wesleyan College,Regent University,,Social Sciences; Emphasis in Business,,,year:1990,year:1994,year:2008,year:2010,,,
410,ITT Technical Institute,,,Electrical; Electronics and Communications Engineering,,,year:1983,year:1984,,,,,
411,Sri Jayachamarajendra College of Engineering,,,Electrical and Electronics Engineering,,,year:1997,year:2001,,,,,
412,University of Pennsylvania - The Wharton School,Data Science Dojo,Stanford University,Data Science Bootcamp,,,year:2016,,year:2016,,year:2012,,
413,Bangalore University,Bangalore University,Bangalore University,Computer Science,Computer Science,,year:1994,year:1994,year:1994,year:1994,year:1994,year:1994,
414,Georgia Institute of Technology,Data Science Specialization,Game and Simulation Programming,Computer Science,John Hopkins via Coursera,Computer Science,year:2016,year:2016,year:2014,year:2014,year:2008,year:2008,
415,Global Knowledge,Data Science Dojo,Ryerson University,Cloudera Developer Training for Apache Hadoop,Data Science,Information Technology Management,year:2015,year:2015,year:2015,year:2015,year:2001,year:2005,
416,Indian Institute of Management; Calcutta,The University of Western Australia,University of California; San Diego (on Coursera),Management Information Systems; General,Computer Science (Machine Learning with Big Data),big data,year:2002,year:2004,year:2015,year:2020,year:2015,year:2016,
417,National Institute of Technology Durgapur,National Institute of Technology Durgapur,Data Science Bootcamp,Computer Science,Computer Science and Engineering,,year:1995,year:1999,year:1995,year:1999,,,
418,Phillips University,Kansas State University,,Mathematics,Mathematics,,year:1977,year:1981,year:1981,year:1983,,,
419,,,,,,,,,,,,,
420,Chulalongkorn University,British Columbia Institute of Technology / BCIT,Greystone College (Vancouver),Survey Engineering,Business Information System Management,International Business Management,year:2004,year:2008,year:2012,year:2014,year:2010,year:2010,
421,Syracuse University,Georgia Institute of Technology,,Chemical Engineering,Industrial Engineering,,year:1992,year:1994,year:1994,year:1998,,,
422,University of Wales,Ngee Ann Polytechnic,Free Code Camp,Computer Science,General IT; Multimedia; Computer Graphics,Computer Software Engineering,year:2002,year:2004,year:1995,year:1998,year:2016,year:2017,
423,Rutgers; The State University of New Jersey-New Brunswick,Rutgers; The State University of New Jersey-New Brunswick,,Computer Science,Mechanical and Aerospace Engineering,,year:1995,year:1996,year:1990,year:1995,,,
424,Coursera,The University of Wolverhampton,The University of Manchester,Computer Science (Artificial Intelligence & Expert Systems),Artificial Intelligence; Artificial Life; Cognitive Psychology; Human-Computer Interaction,,year:1995,year:1999,year:1999,year:2002,,,
425,ZHAW School of Engineering,DataScienceDojo,,Ingenieurwissenschaften - Wirtschaftsmathematik,,,year:2012,year:2016,,,,,
426,University of Kerala,The Ohio State University,,Chemical Engineering,Chemical Engineering,,year:1993,year:1997,year:1999,year:2005,,,
427,Sungkyunkwan University,The Tuck School of Business at Dartmouth,Harvard University Kennedy School of Government,MBA,MBA,,year:2010,year:2010,year:2008,year:2010,year:2006,year:2008,
428,University of Virginia,ESADE Business School,Università Commerciale 'Luigi Bocconi',Organizational Leadership,International Management,Master in International Management,year:2011,year:2011,year:2010,year:2010,year:2011,year:2011,
429,Data Science Dojo,Lausanne Collegiate School,Northwestern University,Mathematical Methods in the Social Sciences; Economics;,,,year:2016,year:2016,year:2009,year:2011,year:2011,year:2015,
430,,,,,,,,,,,,,
431,The Norwegian School of Information Technology,Skjeberg Folkehøyskole,,E-Business,Guitar; drums and live / studio soundengineer,,year:2009,year:2012,year:2003,year:2004,,,
432,Georgetown University,The London School of Economics and Political Science (LSE),??????,International Politics,,,year:2012,year:2016,year:2013,,year:2014,year:2014,
433,Sheridan College,University of Wyoming,Montana State University-Bozeman,Business,theatre,Media and Theatre Arts,year:1998,year:1999,year:1993,year:1997,year:1999,year:2001,
434,Illinois State University,Argenta Oreana HS,Bradley University,Business Information Systems,Electrical Engineering,,year:2005,year:2007,year:1993,year:1997,year:2001,year:2003,
435,,,,,,,,,,,,,
436,,,,,,,,,,,,,
437,Rajiv Gandhi Prodyogiki Vishwavidyalaya,University of Arizona - Eller College of Management,Rajiv Gandhi Prodyogiki Vishwavidyalaya,Electrical Engineering,Management Information System,Electrical Engineering,year:2004,year:2004,year:2011,year:2011,year:2004,year:2004,
438,ENPC MBA Paris - ENPC School of International Management,Aristoteleion Panepistimion Thessalonikis,Erasmus School of Economics,Negotiations,Mechanical Engineering,Econometrics and Management Science,year:2008,year:2008,year:2004,year:2009,year:2010,year:2011,
439,The University of Texas at Austin,The University of Texas at Austin,Tulane University,Chemical Engineering,Chemical Engineering,Chemical Engineering,year:1997,year:2002,year:1995,year:1997,year:1993,year:1994,
440,,,,,,,,,,,,,
441,,,,,,,,,,,,,
442,University of California; Los Angeles,Stanford University EPGY,,Computational and Systems Biology,,,year:2014,year:2018,year:2010,year:2012,year:2010,year:2014,
443,National Institute of Technology; Jalandhar,North Carolina State University,,Electronics and Instrumentation Engineering,Computer Networking,,year:2002,year:2006,year:2006,year:2008,,,
444,Stanford Continuing Studies,Stanford University,Santa Clara University,Neurobiology and Neurosciences,Machine Learning,Business Administration and Management; General,year:2014,year:2014,year:2015,year:2016,year:2008,year:2011,
445,University of Mumbai,Texas A&M University,,Electronics Engineering,Management Information Systems; General,,year:2007,year:2011,year:2013,month:12;year:2014,,,
446,Lycee Chaptal,Institut Eurécom,Ecole nationale supérieure des Télécommunications,Computer Science,Computer Science,,year:1991,year:1994,year:1996,year:1997,year:1994,year:1997,
447,College of Engineering; Trivandrum,College of Engineering; Trivandrum,The University of Chicago Booth School of Business,Electronics & Communication Engg,Finance; Strategic Management & Entrepreneurship,Electronics & Communication,year:1992,year:1996,year:2005,year:2008,year:1992,year:1996,
448,Chhatrapati Shahu Ji Maharaj University,Chhatrapati Shahu Ji Maharaj University,Maharshi Dayanand University,Commerce,Computer Science,,year:1989,year:1992,year:2006,year:2007,,,
449,ST Marys Academy,Maharshi Dayanand University,ST Marys Academy,Computer Science,Computer Science,,year:2000,year:2000,year:2000,year:2000,,,
450,Birla Institute of Technology and Science; Pilani,Arizona State University,,Mechanical Engineering,Industrial Engineering,,year:2005,year:2009,year:2009,year:2011,,,
451,University of Illinois at Urbana-Champaign,University of Illinois at Urbana-Champaign,,Environmental Chemistry,Natural Resources and Environmental Sciences,,year:2003,year:2007,year:1999,year:2003,,,
452,Nanyang Technological University,,,Actuarial Science,,,year:1997,,,,,,
453,?\tBahuddin Zikriya University; Multan; Pakistan,,,Computer Science,,,,,,,,,
454,Data Science Dojo,Tulane University - A.B. Freeman School of Business,University of California; Berkeley; Haas School of Business,Data Science/Data Engineering,Energy,Financial Engineering,year:2015,year:2015,year:2014,year:2015,year:2016,year:2017,
455,,,,,,,,,,,,,
456,Ryerson University,,,Information Technology Management,,,year:2003,year:2008,,,,,
457,National University of Singapore,National University of Singapore,,,,,,,,,,,
458,Jilin University,Leiden University,Jilin University,Actuarial Science,Mathematics and Science-Based Business,Mathematics and Applied Mathematics,year:2010,year:2010,year:2013,year:2013,year:2009,year:2009,
459,,,,,,,,,,,,,
460,University of California; Santa Cruz,Keio University,University of California; Santa Cruz,Computer Programming,Political Science and Government,Data Modeling/Warehousing and Database Administration,year:2016,,year:2016,,year:2016,,
461,,,,,,,,,,,,,
462,University of California; Berkeley,National Taiwan University,University of Illinois at Urbana-Champaign,Product Management,Political Science,Economics,year:2016,year:2016,,,,,
463,University of Washington,University of Colorado Boulder - Leeds School of Business,University of Washington,Chemometrics/Multivariate Statistics,Business Administration,Analytical Chemistry,year:1992,year:1994,year:2003,year:2005,year:1990,year:1992,
