s,,,,,,,,,,,,,,,,,,,
1,Logic Gates,Venture Capital,Microsoft Excel,Economics,Valuation,FAS 157,Data Analysis,Market Analysis,Financial Analysis,Financial Modeling,,,,,,,,,
2,Banking,Natural Language Processing,Data Science,SAP BI,Data Visualization,Business Intelligence,Statistical Data Analysis,Web Applications,Risk Management,,,,,,,,,,
3,Biostatistics,Healthcare,Project Planning,Policy Analysis,Analysis,Qualitative Research,Research,Statistics,Management,,,,,,,,,,
4,,,,,,,,,,,,,,,,,,,
5,,,,,,,,,,,,,,,,,,,
6,Economics,Policy Analysis,Quantitative Research,Public Speaking,Data Analysis,Public Policy,Qualitative Research,Research,Statistics,,,,,,,,,,
7,Statistical Modeling,Financial Modeling,Real Estate Investment - Private Equity,Analytics,SPSS,Financial Modeling - M&A,SAS,Segmentation,Predictive Analytics,Equity Research,Data Analysis,Business Analysis,,,,,,,
8,Test Management,Software Quality Assurance,Test Automation,Testing,Agile Methodologies,Machine Learning,R,Test Planning,Data Analysis,,,,,,,,,,
9,Banking,Data Mining,Stakeholder Management,Teradata,Analytics,SAS,Data Warehousing,SQL,Product Development,Business Analysis,,,,,,,,,
10,Data Mining,Python,Java,SSRS,R,Data Analysis,SQL,Analysis,Ruby on Rails,,,,,,,,,,
11,Distributed Systems,Software Design,C++,Web Services,Agile Methodologies,C#,Multithreading,Algorithms,Software Development,SQL,Win32,Software Engineering,,,,,,,
12,Knowledge-hungry Learner,Data Science,Yarn,Hadoop,Python,Linux,Machine Learning,MapReduce,R,,,,,,,,,,
13,SharePoint,Microsoft SQL Server,Business Intelligence,Software Development,Visual Studio,SQL,Databases,Business Analysis,Management,,,,,,,,,,
14,Business Planning,Team Management,Project Planning,Forecasting,Business Strategy,Supply Chain,Strategy,Competitive Analysis,Analysis,,,,,,,,,,
15,IT Operations Management,DevOps,Leadership,Kanban,IT Infrastructure Management,Strategy,Consulting,IT Management,Scrum,,,,,,,,,,
16,SAP BI,SAP R/3,SAP ERP,SAP Netweaver,SAP Implementation,ABAP,Business Intelligence,Project Management,SAP,ERP,SAP Portal,,,,,,,,
17,Cross-functional Problem Solving,Product Management,Data Visualization,Rapid Prototyping,Requirements Analysis,User Experience,Business Intelligence,SQL,Strategic Planning,,,,,,,,,,
18,Data Mining,Usability,Omniture,Analytics,Predictive Analytics,Web Analytics,Information Architecture,User Experience,Usability Testing,Statistics,,,,,,,,,
19,Proteomics,Systems Biology,Cell,Life Sciences,Cell Biology,Cell Culture,Mass Spectrometry,Western Blotting,Cellular Signaling,Protein Expression,,,,,,,,,
20,SPSS,Database,Data mining,Analisi dei dati,Ricerca,Statistiche,Ricerca clinica,SQL,Epidemiologia,,,,,,,,,,
21,Due Diligence,Mergers & Acquisitions,Venture Capital,Valuation,Investment Banking,Start-ups,Strategy,Financial Analysis,Financial Modeling,,,,,,,,,,
22,Data Science,Python,Data Warehousing,Windows Azure,R,Business Intelligence,Statistical Data Analysis,Enterprise Software,Scrum,,,,,,,,,,
23,Product Management,Digital Strategy,Agile Methodologies,Mobile Devices,Web Analytics,Digital Media,Business Intelligence,E-commerce,Scrum,,,,,,,,,,
24,Gestion de projet,Microsoft Excel,Microsoft Office,PowerPoint,Business Development,Microsoft Word,Project Management,Web design,Management,,,,,,,,,,
25,Agile Methodologies,Predictive Analytics,Technical Leadership,Windows Azure,Design Patterns,.NET,Software Development,Cloud Computing,Scrum,,,,,,,,,,
26,Spark,Data Science,Microsoft SQL Server,C#,Big Data,Machine Learning,Microsoft Azure,Web Applications,ASP.NET,,,,,,,,,,
27,Analytics,Segmentation,Strategy,Market Research,Data Analysis,Marketing,Consumer Insights,Strategic Planning,Business Analysis,Management,,,,,,,,,
28,,,,,,,,,,,,,,,,,,,
29,Biostatistics,SPSS,Microsoft Excel,Public Health,Healthcare,Epidemiology,Data Analysis,Program Evaluation,Research,Statistics,,,,,,,,,
30,Highly Ambitious,Marketing Research,Market Research,Data Analysis,Marketing Strategy,Consumer Behaviour,Commercial insight,Marketing Management,Business Insights,,,,,,,,,,
31,Leadership,Social Entrepreneurship,Problem Solving,Customer Service,E-commerce,Marketing Strategy,Data Analysis,Social Media Marketing,Analysis,Social Media,Management,,,,,,,,
32,SharePoint,Agile Methodologies,Program Management,SAFe (Scaled Agile Framework),Business Intelligence,Requirements Analysis,Project Management,Software Development,Scrum,,,,,,,,,,
33,Software Project Management,Agile Methodologies,Microsoft SQL Server,SDLC,Program Management,Business Intelligence,Agile Project Management,Cross-functional Team Leadership,Cloud Computing,,,,,,,,,,
34,Software Quality Assurance,Test Automation,Testing,Agile Methodologies,TFS,C#,SDLC,Test Planning,.NET,Scrum,,,,,,,,,
35,,,,,,,,,,,,,,,,,,,
36,Web Services,Integration,Java,SDLC,Spring,Web Applications,Software Development,SQL,GWAPT,Hibernate,,,,,,,,,
37,Microsoft SQL Server,Data Warehousing,SDLC,SSIS,Business Intelligence,Data Modeling,Business Objects,SQL,Business Analysis,,,,,,,,,,
38,Data Mining,C++,Python,Energy Efficiency,Algorithms,Numerical Linear Algebra,Parallel Computing,High Performance Computing,Computer Science,LaTeX,C,,,,,,,,
39,XML,SharePoint,Microsoft SQL Server,C#,JavaScript,Silverlight,Software Development,XHTML,Web Development,,,,,,,,,,
40,Due Diligence,Finance,Portfolio Management,AML,Equity Research,Investments,Equities,Asset Management,Financial Risk,,,,,,,,,,
41,Microsoft Excel,C++,Python,Linear Regression,Markov Chain Monte Carlo,PowerPoint,Public Speaking,Data Analysis,Research,,,,,,,,,,
42,Spatial Analysis,Data Management,ArcGIS,ArcView,Project Planning,PostGIS,GIS,Geography,GIS applications,GIS analysis,Databases,Web Mapping,ESRI,,,,,,
43,Databases,Microsoft Office,Java,C#,PowerPoint,Requirements Analysis,SQL,Software Engineering,English,,,,,,,,,,
44,ASM,Oracle,Microsoft SQL Server,SQL Tuning,Unix,Database Design,RMAN,Data Migration,Oracle Database,Performance Tuning,RAC,Oracle RAC,,,,,,,
45,Software Quality Assurance,Game Development,Quality Assurance,Animal Communication,Tableau,Scrum,SQL,MySQL,Technical Documentation,,,,,,,,,,
46,Environmental Science,GIS,Carbon,Science,Scientific Writing,Climate Change,Conservation Issues,Environmental Awareness,Biodiversity,,,,,,,,,,
47,Analytics,Big data,Espíritu empresarial,Estrategia,Business Strategy,Gestión de proyectos,Business Intelligence,Administración y dirección de empresas,Entrepreneurship,,,,,,,,,,
48,Distributed Systems,Testing,Test Automation,Agile Methodologies,Databases,Test Planning,Software Development,Software Engineering,Cloud Computing,,,,,,,,,,
49,Software Design,Web Services,Integration,Microsoft SQL Server,C#,jQuery,Software Development,WCF,.NET,,,,,,,,,,
50,Statistics,Social Entrepreneurship,Econometrics,Economic Research,Market Research,Entrepreneurship,Marketing,Research,Strategic Planning,,,,,,,,,,
51,QA Automation,Java,Microsoft Certified Professional,CompTIA,Big Data,Selenium Testing,Entrepreneurship,Enterprise Architecture,QA Engineering,,,,,,,,,,
52,T-SQL,Microsoft SQL Server,C#,Business Intelligence,.NET,Software Development,Enterprise Architecture,Databases,Cloud Computing,,,,,,,,,,
53,Public Health,Epidemiology,Machine Learning,Strategy,Data Analysis,AnyLogic,Program Evaluation,Qualitative Research,Research,,,,,,,,,,
54,Software Project Management,Microsoft SQL Server,Data Warehousing,SDLC,SSIS,Business Intelligence,Requirements Analysis,Data Modeling,SQL,,,,,,,,,,
55,Data Mining,Analytics,SEM,Business Strategy,Data Warehousing,E-commerce,Business Intelligence,Digital Marketing,Strategic Partnerships,,,,,,,,,,
56,Software Design,C#,Object Oriented Design,Android Development,JavaScript,OOP,Design Patterns,Software Development,.NET,,,,,,,,,,
57,,,,,,,,,,,,,,,,,,,
58,CRM,Business Strategy,Program Management,Start-ups,Software Development,Enterprise Software,Cross-functional Team Leadership,Cloud Computing,Management,,,,,,,,,,
59,Production Support,PL/SQL,Oracle,PeopleSoft,Unix,Shell Scripting,Databases,Data Warehousing,RMAN,Performance Tuning,Oracle RAC,,,,,,,,
60,T-SQl,Visual C#,PowerPivot,Data Warehousing,SSIS,Database Design,Data Analysis,Visual Studio,Social Media Measurement,SQL,Databases,,,,,,,,
61,System Architecture,ASIC,Product Management,Go-to-market Strategy,Ethernet,Security,Cross-functional Team Leadership,Cloud Computing,Networking,,,,,,,,,,
62,Software Project Management,Agile Methodologies,Solution Architecture,C#,Leadership,Mobile Devices,Program Management,Agile Project Management,Software Development,Enterprise Software,.NET,,,,,,,,
63,,,,,,,,,,,,,,,,,,,
64,Software Project Management,Test Management,Test Automation,Testing,Scalability,Agile Methodologies,Quality Center,SDLC,Test Planning,,,,,,,,,,
65,Information Security Management,IT Strategy,Knowledge Management,Governance,Policy Analysis,Security,NGOs,Program Management,IT Management,ITIL,Enterprise Architecture,International Relations,International Development,,,,,,
66,Azure Machine Learning,Data Analytics,Data Science,Python,Team Leadership,Data Warehousing,R,Business Intelligence,Data Modeling,,,,,,,,,,
67,Software Project Management,Agile Methodologies,Solution Architecture,SDLC,Requirements Analysis,Software Development,Enterprise Software,Pre-sales,Management,,,,,,,,,,
68,Distributed Systems,Product Management,Agile Methodologies,Mobile Devices,Windows Azure,Start-ups,Business Intelligence,Entrepreneurship,Software Development,Programming,Software Engineering,Cloud Computing,,,,,,,
69,,,,,,,,,,,,,,,,,,,
70,Django,Python,Computational Physics,Big Data,Machine Learning,R,Data Analysis,Numerical Simulation,SQL,,,,,,,,,,
71,DoD,Leadership,Government,Government Contracting,Business Development,Program Management,Data Analysis,Financial Analysis,Analysis,Strategic Planning,Management,,,,,,,,
72,,,,,,,,,,,,,,,,,,,
73,Cross-functional Team Leadership,Manufacturing,Continuous Improvement,Program Management,Business Process Improvement,Lean Manufacturing,Project Management,Product Development,Engineering,,,,,,,,,,
74,Product Management,Agile Methodologies,Streaming Media,Live Streaming,Digital Media,Agile Project Management,Software Development,Software Engineering,Scrum,,,,,,,,,,
75,Microbiology,Molecular Biology,Biotechnology,Biochemistry,Scientific Writing,Technical Writing,Scientific Computing,Data Analysis,Project Management,Research,,,,,,,,,
76,Forecasting,C#,R,Database Design,Data Modeling,SQL,Data Integration,Supply Chain Management,Relational Databases,,,,,,,,,,
77,,,,,,,,,,,,,,,,,,,
78,LINQ,PHP,Microsoft SQL Server,C#,Visual Studio,SQL,ASP.NET,MySQL,WPF,,,,,,,,,,
79,Statistical Modeling,Regression Analysis,Analytics,Microsoft Excel,Decision Trees,Predictive Analytics,SQL,Analysis,Statistics,,,,,,,,,,
80,Banking,Process Improvement,Retail Banking,SDLC,Business Analysis,Risk Management,,,,,,,,,,,,,
81,Data Mining,Postgr,Python,R,Database Design,Statistical Data Analysis,Data Analysis,Transact-SQL (T-SQL),Statistics,,,,,,,,,,
82,ETL,Data Management,IT Strategy,Solution Architecture,OLTP,Data Warehousing,Business Intelligence Tools,Microsoft Technologies,Business Intelligence,SQL,Solution Development,Databases,,,,,,,
83,JSON,C++,Java,Machine Learning,C#,SQL,ASP.NET,Software Engineering,Cloud Computing,,,,,,,,,,
84,Virtualization,Vendor Management,IT Strategy,Integration,Solution Architecture,Data Center,Software Development,SOA,Analysis,Enterprise Software,Management,,,,,,,,
85,Data Science,Apache Spark,Software Quality Assurance,Test Automation,Agile Methodologies,Microsoft Azure,R,Test Planning,Hive,,,,,,,,,,
86,Data Analytics,XML,Python,Big Data,Machine Learning,R,SQL,Analysis,Tableau,,,,,,,,,,
87,,,,,,,,,,,,,,,,,,,
88,Troubleshooting,Java,OSIsoft PI,R,Spanish,Technical Data Analysis,Data Analysis,SQL,Windows,,,,,,,,,,
89,CCDP,Security+,Integration,Leadership,PMP,Data Warehousing,Data Center,Management,CEH,Information Technology,Project Management,Business Intelligence,Networking,,,,,,
90,Agile,Python,Agile Methodologies,C#,Java,Perl,Software Development,SQL,Databases,.NET,,,,,,,,,
91,Software Design,Product Management,User Interface,Agile Methodologies,User Interface Design,Product Design,Strategy,User Experience,Management,,,,,,,,,,
92,Spatial Analysis,Environmental Science,GIS,Field Work,Environmental Awareness,Natural Resource Management,Remote Sensing,GPS,Electronics,,,,,,,,,,
93,Change Management,Service Delivery,Process Improvement,Process Engineering,Six Sigma,IT Service Management,Business Process Improvement,Project Management,ITIL,,,,,,,,,,
94,Microsoft Excel,Python,Data Visualization,PowerPoint,R,Data Analysis,SQL,Research,Data Wrangling,,,,,,,,,,
95,,,,,,,,,,,,,,,,,,,
96,Analytics,SharePoint,Business Process,Integration,Microsoft SQL Server,Program Management,Business Intelligence,Enterprise Architecture,Management,,,,,,,,,,
97,Teamwork,Microsoft Excel,Excel,Microsoft Office,Event Planning,Training,Leadership,PowerPoint,Marketing,Management,Customer Service,Spanish,Microsoft Word,Data Analysis,SQL,Analysis,Social Media,Analytical Skills,Fundraising
98,Computational Fluid Dynamics (CFD),Computer Simulation,Flow Assurance,Technical Report Writing,Oil & Gas,Process Engineering,Energy,Upstream,Process Plant Simulation,,,,,,,,,,
99,Teaching,Biochemistry,Python,Lifesciences,Technical Writing,Data Analysis,Project Management,High Performance Computing,Research,,,,,,,,,,
100,Business Planning,Stakeholder Engagement,Business Strategy,Corporate Governance,Strategy,Data Analysis,Project Management,Strategic Planning,Business Analysis,,,,,,,,,,
101,PHP,Agile Methodologies,Eclipse,J2EE,Subversion,Java,JavaScript,Maven,MySQL,Scrum,,,,,,,,,
102,Natural Language Processing,Data Science,Analytics,Hadoop,Machine Learning,Data Visualization,MapReduce,R,Data Analysis,,,,,,,,,,
103,ETL,Dimensional Modeling,Analysis Services,Microsoft SQL Server,SSRS,Data Warehousing,MDX,Business Intelligence,Databases,,,,,,,,,,
104,Banking,Business Requirements,SAS,SDLC,Business Process Improvement,Data Analysis,Requirements Analysis,SQL,Business Analysis,,,,,,,,,,
105,Software Project Management,Software Design,Agile Methodologies,C#,Architectural Design,Software Development,Enterprise Architecture,Software Engineering,.NET,,,,,,,,,,
106,SharePoint,IT Strategy,Solution Architecture,Microsoft SQL Server,Data Warehousing,Microsoft Technologies,Business Intelligence,Software Development,Enterprise Architecture,Enterprise Software,,,,,,,,,
107,Electrical Engineering,Product Management,Testing,Smart Grid,Automation,Entrepreneurship,Software Development,Systems Engineering,Software Documentation,,,,,,,,,,
108,,,,,,,,,,,,,,,,,,,
109,VMware,Windows Server 2008,VMware ESX,VCP,VMware Infrastructure,DHCP,ITIL,VMware Server,Active Directory,,,,,,,,,,
110,Customer Insight,Team Building,Analytics,CRM,Segmentation,Marketing Research,Business Analytics,Market Research,Competitive Analysis,Thought Leadership,Financial Services,,,,,,,,
111,Process Safety Management,Process Improvement,DCS,Troubleshooting,VBA,Statistical Data Analysis,Chemical Engineering,Databases,Process Control,,,,,,,,,,
112,SEM,Marketing,Web Analytics,Business Intelligence,Data Analysis,SaaS,Analysis,Statistics,Management,,,,,,,,,,
113,,,,,,,,,,,,,,,,,,,
114,Python,C++,PHP,Testing,Linux,Java,Programming,x86 Assembly,C,,,,,,,,,,
115,Teaching,Bioinformatics,Algorithms,LaTeX,Software Development,,,,,,,,,,,,,,
116,Teaching,Team Building,Leadership,Public Speaking,Data Analysis,Higher Education,Analysis,Research,Management,,,,,,,,,,
117,Leadership Development,Leadership,Social Entrepreneurship,Public Speaking,Strategy,Program Development,Consulting,Strategic Planning,Management,,,,,,,,,,
118,Demand Generation,Product Management,Analytics,Data Warehousing,SDLC,Product Marketing,Program Management,Business Intelligence,Agile Project Management,Multi-channel Marketing,,,,,,,,,
119,Agile Methodologies,Microsoft SQL Server,C#,JavaScript,Software Development,WCF,Software Engineering,Test Driven Development,Scrum,,,,,,,,,,
120,Ontology Engineering,Knowledge Management,Business Strategy,Business Intelligence,Ontologies,Software Development,Computer Science,Data Integration,Software Engineering,,,,,,,,,,
121,Team Building,Analytics,Vendor Management,Customer Experience,Process Improvement,Market Research,Project Management,Business Analysis,Management,,,,,,,,,,
122,SEO,Online Marketing,PPC,SEM,Web Analytics,Data Analysis,Google Analytics,Online Advertising,Tableau,,,,,,,,,,
123,,,,,,,,,,,,,,,,,,,
124,Data Mining,Embedded Systems,Machine Learning,Algorithms,Matlab,LaTeX,Software Development,Signal Processing,Computer Science,,,,,,,,,,
125,,,,,,,,,,,,,,,,,,,
126,Telecommunications,Python,Linux,Unix,Mobile Devices,Software Development,SQL,Programming,MySQL,,,,,,,,,,
127,CSS3,Software Design,JavaScript Libraries,C#,Object Oriented Design,JavaScript,Ruby on Rails,WCF,Web Development,,,,,,,,,,
128,System Architecture,Analytics,Linux,Information Security,Intrusion Detection,Security,Perl,Computer Security,Network Security,Cloud Computing,,,,,,,,,
129,Characterization,Experimentation,Physics,Materials Science,Semiconductors,Matlab,LaTeX,Data Analysis,Research,,,,,,,,,,
130,Microsoft Excel,Python,Predictive Modeling,PowerPoint,Marketing,R,SQL,Google Analytics,Tableau,,,,,,,,,,
131,,,,,,,,,,,,,,,,,,,
132,Change Management,Business Process,Project Planning,Integration,PMP,Project Management,ERP,Business Analysis,Systems Analysis,,,,,,,,,,
133,,,,,,,,,,,,,,,,,,,
134,Online Marketing,Dutch,Microsoft Office,Brand Management,Food,Marketing,Food Industry,Marketing Communications,English,,,,,,,,,,
135,Ad Hoc Reporting,Economics,Looker,JavaScript,Data Analysis,CSS,HTML,Statistics,PostgreSQL,,,,,,,,,,
136,Banking,SPSS,Dutch,Interim Management,Financiële analyse,Commercial Banking,Management Consulting,Strategie,,,,,,,,,,,
137,ETL,Business Process,Data Quality,OBIEE,Data Warehousing,Business Intelligence,Data Modeling,Data Migration,Databases,,,,,,,,,,
138,Software Project Management,C++,Oracle,PL/SQL,Unix,Java,Perl,Java Enterprise Edition,Requirements Analysis,,,,,,,,,,
139,Communication,Adobe Analytics,Marketing Research,Marketing Strategy,Social Media Marketing,SQL,Social Media,Tableau,Google Analytics,,,,,,,,,,
140,Software Project Management,Product Management,Agile Methodologies,C#,Strategy,Software Development,Enterprise Software,Software Engineering,Cloud Computing,,,,,,,,,,
141,Telecommunications,Network Engineering,Testing,Mobile Devices,Information Technology,Technical Support,Routing,IP,Networking,,,,,,,,,,
142,Microsoft Office,Java,Data Visualization,R,Public Speaking,Scientific Computing,Data Analysis,Software Development,Research,,,,,,,,,,
143,Power Plants,Radiation,Nuclear Engineering,Simulation,CFD,Matlab,Fortran,Simulations,Engineering,Nuclear,,,,,,,,,
144,Relational Data Modeling,Data Science,Predictive Modeling,Access,R,Matlab,Data Analysis,Mathematical Modeling,Statistics,,,,,,,,,,
145,Distributed Systems,MPI,Parallel Programming,Parallel Algorithms,Algorithms,Scientific Computing,High Performance Computing,Computer Science,Software Engineering,,,,,,,,,,
146,,,,,,,,,,,,,,,,,,,
147,ETL,PL/SQL,Data Quality,Gap Analysis,Data Analysis,Data Modeling,SQL,Data Profiling,Business Impact Analysis,,,,,,,,,,
148,,,,,,,,,,,,,,,,,,,
149,,,,,,,,,,,,,,,,,,,
150,Product Management,Agile Methodologies,Scaled Agile Framework,Leadership,Engineering Management,SDLC,Program Management,Strategic Partnerships,Cross-functional Team Leadership,,,,,,,,,,
151,Software Project Management,Testing,Agile Methodologies,C#,Software Development,Software Design Patterns,Enterprise Architecture,.NET,Scrum,,,,,,,,,,
152,C++,Image Processing,Java,Pattern Recognition,Machine Learning,Matlab,Signal Processing,Computer Vision,C,,,,,,,,,,
153,XML,Eclipse,Linux,Java,Shell Scripting,DB2,Unix,Perl,Software Development,SQL,,,,,,,,,
154,Unternehmensberatung,Unternehmensstrategie,Veränderungsmanagement,Microsoft Office,Logistikmanagement,Logistik,Unternehmensführung,Projektmanagement,Strategisches Management,,,,,,,,,,
155,Direct Sales,Selling Skills,Coaching,Dutch,Marketing,Sales,Sales Process,Research,English,,,,,,,,,,
156,Software Project Management,Distributed Systems,Cloud Computing,Agile Methodologies,SaaS,Software Development,Enterprise Architecture,Enterprise Software,.NET,,,,,,,,,,
157,Spark,Data Science,Big Data Analytics,Python,Machine Learning,Predictive Modeling,R,SAS Programming,Statistical Data Analysis,,,,,,,,,,
158,Change Management,SharePoint,Windows Server,Service Management,ICT,IT Service Management,IT Management,ITIL,Management,,,,,,,,,,
159,Data Science,Go-to-market Strategy,Lean Six Sigma,Leadership,Sales,Marketing Strategy,Marketing,Supply Chain Management,Executive Briefings,,,,,,,,,,
160,Data Science,Agile Methodologies,Databases,Big Data,Program Management,Project Management,Software Development,Cross-functional Team Leadership,Cloud Computing,,,,,,,,,,
161,Python,Java,JavaScript,Algorithms,Software Development,Computer Science,Programming,Research,C,Software Engineering,,,,,,,,,
162,,,,,,,,,,,,,,,,,,,
163,,,,,,,,,,,,,,,,,,,
164,Environmental Policy,Microsoft Excel,GIS,Environmental Risk Assessment,Data Analysis,Data Modeling,Monte Carlo Simulation,RStudio,Mathematical Modeling,,,,,,,,,,
165,Integration,Solution Architecture,Data Warehousing,SDLC,Solution Selling,Program Management,Business Intelligence,Data Modeling,Enterprise Architecture,Cloud Computing,,,,,,,,,
166,Black Belt,Change Management,Project Engineering,Petrochemical,Root Cause Analysis,Factory,Six Sigma,Continuous Improvement,Engineering,,,,,,,,,,
167,Analytics,Business Strategy,Financial Analysis,Data Analysis,Project Management,Entrepreneurship,SQL,Tableau,Management,,,,,,,,,,
168,ITIL,Agile Methodologies,Business Strategy,SOA,Project Management,Software Development,Agile Project Management,Cloud Computing,Scrum,,,,,,,,,,
169,Strategic Consulting,Analytics,Segmentation,Market Research,Market Analysis,Competitive Analysis,Management Consulting,,,,,,,,,,,,
170,,,,,,,,,,,,,,,,,,,
171,,,,,,,,,,,,,,,,,,,
172,Semantic Web,Python,Java,Machine Learning,R,Semantics,LaTeX,Ontologies,Computer Science,,,,,,,,,,
173,Microsoft Excel,Project Planning,Leadership,R,Matlab,Data Analysis,Project Management,SQL,Supply Chain Management,,,,,,,,,,
174,Oracle,PL/SQL,Agile Methodologies,Shell Scripting,Data Warehousing,Requirements Analysis,Software Development,SQL,Databases,,,,,,,,,,
175,ADP Workforce,EMIS,Microsoft Excel,Dutch,Excel,Microsoft Office,ADP Pion,PView,Payroll,,,,,,,,,,
176,ETL,Analysis Services,Oracle,T-SQL,Data Marts,Microsoft SQL Server,SSRS,Data Warehousing,SDLC,SSIS,Star Schema,Object Oriented Modeling,,,,,,,
177,,,,,,,,,,,,,,,,,,,
178,Teaching,Instructional Design,E-Learning,Curriculum Development,Public Speaking,Higher Education,Curriculum Design,Adult Education,Distance Learning,,,,,,,,,,
179,,,,,,,,,,,,,,,,,,,
180,Online Help,SharePoint,Technical Communication,Agile Methodologies,Technical Writing,Information Architecture,Content Management,User Experience,Technical Documentation,,,,,,,,,,
181,ETL,Azure Automation,Powershell,Predictive Modeling,Azure ML,R,SQL Azure,Business Intelligence,Statistical Data Analysis,,,,,,,,,,
182,Digital Marketing,Strategy,Market Research,Social Media Marketing,Data Analysis,Entrepreneurship,Copywriting,Social Media,Statistics,Social Media Measurement,,,,,,,,,
183,,,,,,,,,,,,,,,,,,,
184,Teaching,University Teaching,SPSS,Statistics,Research Design,Data Analysis,Mental Health,Qualitative Research,Editing,,,,,,,,,,
185,Teamwork,Foreign Languages,Localization,TestLink,JIRA,Microsoft Office,Quality Assurance,Java,R,,,,,,,,,,
186,Analytics,Process Improvement,T-SQL,Microsoft SQL Server,Data Warehousing,Database Administration,Business Intelligence,Project Management,Management,,,,,,,,,,
187,XML,Web Services,Microsoft SQL Server,C#,JavaScript,SSIS,Software Development,SQL,Databases,.NET,,,,,,,,,
188,Telecommunications,Product Management,Device Drivers,Embedded Systems,Mobile Devices,Start-ups,Strategy,Wireless,Cloud Computing,,,,,,,,,,
189,Fixed Income,Vendor Management,Derivatives,Investment Banking,Program Management,Equities,Trading Systems,Trading,Business Analysis,,,,,,,,,,
190,,,,,,,,,,,,,,,,,,,
191,Business Planning,Change Management,Business Strategy,Program Management,Strategy,Start-ups,Project Management,Training,Entrepreneurship,Strategic Planning,,,,,,,,,
192,ASP.NET MVC,jQuery,C#,Microsoft Surface,Windows Azure,Architecture Development,Web Applications,Project Management,Web Development,WPF,,,,,,,,,
193,Data Science,Hadoop,Python,Physics,Data Analysis,OpenStack,Ansible,Mathematical Modeling,Research,,,,,,,,,,
194,Microsoft SQL Server,SSRS,C#,Data Warehousing,SSIS,Business Intelligence,Database Design,SQL,Databases,,,,,,,,,,
195,Software Project Management,Database Development,Microsoft SQL Server,Database Administration,Business Intelligence,Database Design,SQL,Databases,Relational Databases,Business Analysis,,,,,,,,,
196,Juniper,Network Engineering,Network Architecture,MPLS,Data Center,Managed Services,Network Design,Cisco Technologies,Infrastructure,,,,,,,,,,
197,Selling Skills,Healthcare,Leadership,Program Management,Performance Management,Customer Service,Marketing,Cross-functional Team Leadership,Software Documentation,,,,,,,,,,
198,,,,,,,,,,,,,,,,,,,
199,Data Science,Video Conferencing,Big Data,Data Warehousing,Information Technology,Business Intelligence,Project Management,IT Management,Management,,,,,,,,,,
200,,,,,,,,,,,,,,,,,,,
201,Microsoft SQL Server,SAS,Inteligencia empresarial,Planificación estratégica,Business Strategy,Tableau software,Estrategia empresarial,Management Consulting,Mejora de procesos de negocio,,,,,,,,,,
202,Data Science,Machine Learning,Predictive Analytics,Research Design,Data Analysis,Supervised learning,Unsupervised Learning,Research,Statistics,,,,,,,,,,
203,Data Science,Python,Microsoft Office,Linux,Java,Bioinformatics,Data Analysis,Research,Statistics,,,,,,,,,,
204,Process Improvement,Integration,Energy,Leadership,Program Management,Project Management,Analysis,Cross-functional Team Leadership,Business Analysis,,,,,,,,,,
205,,,,,,,,,,,,,,,,,,,
206,Microsoft Excel,French,Microsoft Office,Data Analysis,Financial Analysis,English,,,,,,,,,,,,,
207,Software Project Management,Software Design,Cloud Computing,Agile Methodologies,Web Services,Microsoft SQL Server,C#,Software Development,.NET,,,,,,,,,,
208,ETL,Teradata,MicroStrategy,Data Warehousing,PowerCenter,Business Intelligence,SQL,Analysis,Databases,,,,,,,,,,
209,SOA Testing,Cloud Computing,TOGAF,Weblogic,Middleware,SOA Governance,Java Enterprise Edition,SOA,Enterprise Architecture,Open Group TOGAF Part I,Oracle SOA Suite,,,,,,,,
210,SEO,Omniture,Analytics,Online Marketing,SEM,Web Analytics,Web Marketing,Digital Media,Google Analytics,,,,,,,,,,
211,,,,,,,,,,,,,,,,,,,
212,Physics,Materials Science,Science,R&D,Strategy,Data Analysis,Project Management,Research,Nanotechnology,,,,,,,,,,
213,Python,Economics,Bloomberg Terminal,Business Strategy,Econometrics,R,Bloomberg,Quantitative Finance,Financial Modeling,,,,,,,,,,
214,Analytics,Forecasting,SAS programming,Predictive Analytics,Pricing Analysis,Business Analytics,Market Research,Data Analysis,Marketing Mix Modeling,,,,,,,,,,
215,System Testing,Software Quality Assurance,Regression Testing,Testing,Test Automation,Agile Methodologies,SDLC,Test Planning,Test Cases,Scrum,,,,,,,,,
216,ETL,IT Strategy,Data Warehouse Architecture,Solution Architecture,Data Warehousing,Application Architecture,Business Intelligence,Master Data Management,Data Modeling,Credit Cards,Enterprise Architecture,,,,,,,,
217,Cross-cultural Psychology,Knowledge Translation,Strategic Research,Proposal Writing,Research Consulting,Strategic Communications,Social Psychology,Project Management,Quantitave Psychology,,,,,,,,,,
218,,,,,,,,,,,,,,,,,,,
219,,,,,,,,,,,,,,,,,,,
220,,,,,,,,,,,,,,,,,,,
221,XML,C++,C#,Java,Object Oriented Design,JavaScript,Software Development,SQL,VB.NET,,,,,,,,,,
222,Derivatives,Microsoft Office,Java,VBA,Investment Banking,Capital Markets,Microsoft Word,Bloomberg,Analysis,,,,,,,,,,
223,User Support - WebTrends; SharePoint; Dashboarding; Analytics,Power Pivot,SharePoint,VBA,Database Design,Data Analysis,Data Modeling,Business Intelligence,SQL,Visual Basic,VB.NET,,,,,,,,
224,Change Management,SharePoint,Testing,SDLC,E-commerce,Requirements Analysis,Project Management,Cross-functional Team Leadership,Management,,,,,,,,,,
225,Cloud Service Deployment,XML,Python,Web Services,Web services Operation,Git,Installer engineering,Xcode,Ruby,Client Server Technologies,Chef,,,,,,,,
226,Apache,PHP,Integration,Linux,Java,Shell Scripting,JavaScript,Tomcat,Web Applications,,,,,,,,,,
227,Virtualization,IaaS,Citrix,Product Marketing,Business Development,Citrix Metaframe,Enterprise Software,Cloud Computing,Xen,,,,,,,,,,
228,Data Mining,Statistical Modeling,COBOL,Machine Learning,R programming,DB2,Data Analysis,Requirements Analysis,SQL,,,,,,,,,,
229,,,,,,,,,,,,,,,,,,,
230,Data Science,Python,Machine Learning,Big Data,Data Warehousing,R,Business Intelligence,SQL,Statistics,,,,,,,,,,
231,Financial Modeling,GMAT,Competitive Analysis,Valuation,Financial Forecasting,Equity Research,Financial Analysis,Corporate Finance,Strategic Planning,Business Analysis,,,,,,,,,
232,Teaching,Business Statistics,SPC,JMP,Design of Experiments,Weibull Analysis,SAS Programming,Statistics,Process Control,,,,,,,,,,
233,Software Design,Testing,Agile Methodologies,Troubleshooting,C#,Software Development,SQL,Software Engineering,Cloud Computing,,,,,,,,,,
234,Test Design,Testing,Test Automation,Agile Methodologies,C#,Test Planning,Automation,Visual Studio,Test Cases,Databases,.NET,,,,,,,,
235,Wildlife Biology,Data Mining,Spatial Databases,Epidemiology,Geographic Information Science,Climate Change Impacts,Animal Behavior,Veterinary Medicine,Mathematical Modeling,,,,,,,,,,
236,KPI Reports,Data Science,Teamwork,Python,ArcGIS,Big Data,R,Public Speaking,Research,,,,,,,,,,
237,Testing,Python,C++,Integration,Linux,C#,Software Development,Software Engineering,Systems Engineering,,,,,,,,,,
238,Django,Node.js,Python,Microsoft SQL Server,Java,JavaScript,SQL,CSS,MySQL,,,,,,,,,,
239,Cognitive Science,Image Processing,Machine Learning,Artificial Intelligence,Pattern Recognition,Computer Vision,LaTeX,Computer Science,Cognitive vision,,,,,,,,,,
240,Product Management,GIS,Program Management,Strategy,Business Intelligence,SaaS,SOA,Enterprise Software,Cloud Computing,,,,,,,,,,
241,,,,,,,,,,,,,,,,,,,
242,Analytics,PPC,SEM,Marketing,Web Analytics,E-commerce,Market Research,Business Intelligence,Salesforce.com,Online Advertising,,,,,,,,,
243,XML,Web Services,Microsoft SQL Server,C#,ADO.NET,Software Development,ASP.NET,.NET,Scrum,,,,,,,,,,
244,Software Design,Test Automation,C++,Agile Methodologies,Unix,Mobile Applications,Software Development,Software Engineering,Debugging,,,,,,,,,,
245,Microsoft Excel,Microsoft Office,Mathematics Education,Curriculum Development,Program Management,Microsoft Word,Data Analysis,Project Management,Curriculum Design,Research,,,,,,,,,
246,Data Mining,Analytics,Statistics,Predictive Modeling,Vertica,Strategy,SQL,Tableau,Business Analysis,,,,,,,,,,
247,,,,,,,,,,,,,,,,,,,
248,Cloud Computing,Product Management,Streaming Media,Web Video,Mobile Devices,Digital Media,Software Development,Web Development,Scrum,,,,,,,,,,
249,Python,Strategic Financial Planning,Logistics,Team Leadership,R,Business Analytics,Marketing,Cross-functional Team Leadership,Google Analytics,,,,,,,,,,
250,Software Design,Oracle,Agile Methodologies,Databases,Java,UML,Software Development,SQL,Software Engineering,,,,,,,,,,
251,ASP.NET MVC,Web Services,Microsoft SQL Server,C#,OSIsoft PI,Software Development,ASP.NET,.NET,Scrum,,,,,,,,,,
252,Usability,Interaction Design,Agile Methodologies,Web Analytics,Information Architecture,Agile Project Management,User Experience,Product Development,Scrum,,,,,,,,,,
253,Python,Physics,Image Processing,Science,Scientific Computing,Data Analysis,Astrophysics,Mathematical Modeling,Statistics,,,,,,,,,,
254,Teamwork,Team Leadership,Microsoft Office,Matlab,Project Management,Programming,Windows,Research,English,,,,,,,,,,
255,Talent Management,Change Management,Microsoft Office,HRIS,Performance Management,Data Analysis,Project Management,SQL,Analysis,,,,,,,,,,
256,Data Analytics,Leadership,PowerPoint,Public Speaking,Data Analysis,Competitive Analysis,Pricing Strategy,RStudio,Tableau,,,,,,,,,,
257,Analytics,Leadership,Program Management,Strategy,Data Analysis,Project Management,Marketing Strategy,Financial Analysis,Financial Modeling,Management,,,,,,,,,
258,Banking,Derivatives,Investment Banking,Capital Markets,Hedge Funds,Business Analysis,,,,,,,,,,,,,
259,Product Management,Analytics,Omniture,Segmentation,Web Analytics,E-commerce,Business Intelligence,Strategy,Metrics,Online Advertising,Multi-channel Marketing,Management,,,,,,,
260,Economic Modeling,Regression Analysis,Microeconomics,Eviews,Crystal Ball,International Finance,Economic Research,Statistical Software,Game Theory,,,,,,,,,,
261,Product Management,Data Science,Web Development,Data Visualization,Valuation,User Experience,SQL,Product Development,Tableau,,,,,,,,,,
262,GMAT,Microsoft Office,Photoshop,R,Matlab,LaTeX,Bloomberg,Illustrator,CEIC,,,,,,,,,,
263,Strategic Thinking,Public Relations,Leadership,Social Networking,Business Development,Start-ups,Entrepreneurship,Social Media,Fundraising,,,,,,,,,,
264,Teamwork,JavaScript,Git,Public Speaking,Ruby,Creative Writing,CSS,HTML,Ruby on Rails,,,,,,,,,,
265,,,,,,,,,,,,,,,,,,,
266,Customer Insight,Data Mining,Analytics,SAS,Segmentation,Predictive Modeling,Predictive Analytics,Data Analysis,Customer Analysis,,,,,,,,,,
267,ETL,Python,Agile Methodologies,Linux,Business Intelligence,Database Design,SQL,Pentaho,MySQL,,,,,,,,,,
268,Business Planning,Python,Machine Learning,JavaScript,Entrepreneurship,Project Management,Product Development,Research,Financial Modeling,,,,,,,,,,
269,ETL,SharePoint,Solution Architecture,Data Warehousing,Business Intelligence,Architecture,Database Design,Consulting,Enterprise Architecture,Enterprise Software,,,,,,,,,
270,Data Management,Economics,Survey Research,SAS programming,Econometrics,Data Analysis,Program Evaluation,Analysis,Statistics,,,,,,,,,,
271,Data Science,Analytics,Machine Learning,Predictive Modeling,R,Matlab,Quantitative Analytics,Product Innovation,Risk Management,,,,,,,,,,
272,Product Management,Marketing Management,Marketing Strategy,Competitive Analysis,Product Development,Product Launch,Cross-functional Team Leadership,Consumer Products,Product Marketing,,,,,,,,,,
273,Software Design,C++,Testing,Web Services,Agile Methodologies,C#,Web Applications,Software Development,Software Design Patterns,SQL,Databases,,,,,,,,
274,Business Analysis,Banking,Information Analysis,COBOL,C++,Outsourcing,Data Warehousing,Application Architecture,PowerBuilder,Basel II,Requirements Analysis,PRINCE2,Business Requirements,,,,,,
275,Teaching,Python,C++,Option Pricing Models,Matlab,LaTeX,Monte Carlo Simulation,Mathematical Modeling,Research,,,,,,,,,,
276,,,,,,,,,,,,,,,,,,,
277,Software Project Management,Distributed Systems,Software Design,Security,Program Management,Microsoft Technologies,Software Development,Enterprise Software,Cloud Computing,,,,,,,,,,
278,Sports,Coaching,Oracle,Agile Methodologies,Hockey,Java,Spring,Public Speaking,Java Enterprise Edition,Ice Hockey,Social Media,,,,,,,,
279,Data Mining,Customer Segmentation,Text Mining,Machine Learning,R,Web Scraping,Time Series Analysis,Python language programming,Predictive modeling,,,,,,,,,,
280,Vendor Management,Testing,Agile Methodologies,Software Development Life Cycle (SDLC),Business Intelligence,Software Development,Cross-functional Team Leadership,Business Analysis,Scrum,,,,,,,,,,
281,Visual C#,Web Services,jQuery,Microsoft SQL Server,C#,MongoDB,Agile Methodologies,Software Development,SQL,WCF Services,Scrum,,,,,,,,
282,Product Management,Process Improvement,Program Management,Strategy,Information Technology,Strategic Partnerships,Cross-functional Team Leadership,Strategic Planning,Management,,,,,,,,,,
283,Software Project Management,Quantitative Research,Actuarial Science,Quantitative Models,IT Service Management,Program Management,Strategy,Business Intelligence,SaaS,Project Management,Software as a Service (SaaS),Quantitative Analytics,Cloud Computing,,,,,,
284,Data Science,Data Anlalytics,Java,Data Visualization,R,Software Development,SQL,Programming,Tableau,,,,,,,,,,
285,Telecommunications,Virtualization,Operating Systems,PL/SQL,Integration,Android,VAS,Software Development,Databases,,,,,,,,,,
286,Characterization,Modeling,Reservoir Simulation,Reservoir Management,Field Development,Reservoir Engineering,Matlab,Machine learning,Petroleum Engineering,,,,,,,,,,
287,Interaction Design,Usability,User Interface,User Interface Design,Graphic Design,User-centered Design,Information Architecture,User Experience,Scrum,,,,,,,,,,
288,Team Leadership,Integration,Leadership,Public Speaking,Start-ups,Entrepreneurship,Social Media,Strategic Planning,Management,,,,,,,,,,
289,Data Mining,Analytics,Physics,SAS,Data Integration,Business Intelligence,Data Analysis,SAS Programming,Applied Statistics,Programming,Statistics,,,,,,,,
290,Agile Methodologies,SAS,Visio,SDLC,Business Process Improvement,Business Intelligence,Requirements Analysis,Analysis,Business Analysis,Management,,,,,,,,,
291,REST,PHP,Subversion,JavaScript,Git,Web Applications,Software Development,Open Source,MySQL,,,,,,,,,,
292,ETL,Oracle,Microsoft SQL Server,Data Warehousing,Tableau 8.1,Business Intelligence,Lawson S3,Infor Landmark,Lawson Business Intelligence,,,,,,,,,,
293,Telecommunications,Software Project Management,Integration,Microsoft SQL Server,SDLC,Project Management,Software Development,Enterprise Software,MySQL,,,,,,,,,,
294,Cloud Computing,High Performance Computing (HPC),Parallel Programming,Machine Learning,Research Project Management,Research & Development,Scientific Computing,Project Management,Linux System Administration,,,,,,,,,,
295,Data Mining,Analytics,CRM,Databases,SAS,Data Analysis,Analysis,Financial Services,Business Analysis,Risk Management,,,,,,,,,
296,Policy Analysis,SAS programming,Data Visualization,Econometrics,R,Data Analysis,Research,Statistics,Business Insights,,,,,,,,,,
297,Geology,Data Mining,Data Science,Economic Geology,Mineralogy,R programming,Mineral Exploration,Mining,Geochemistry,,,,,,,,,,
298,Economics,Policy Analysis,SAS,Econometrics,R,Data Analysis,Analysis,Research,Statistics,,,,,,,,,,
299,Software Project Management,Vendor Management,Agile Methodologies,PMP,Requirements Gathering,SDLC,Requirements Analysis,Business Analysis,Resource Management,,,,,,,,,,
300,,,,,,,,,,,,,,,,,,,
301,Data Mining,Hadoop,Microsoft Office,Weka,R,Matlab,Data Analysis,Hive,MySQL,,,,,,,,,,
302,Customer Support,Linux,JavaScript,HTTP,Technical Support,Project Management,Software Development,HTML,MySQL,,,,,,,,,,
303,System Architecture,Telecommunications,Software Design,Product Management,Big Data,Mobile Devices,Software Development,VoIP,Cloud Computing,,,,,,,,,,
304,Product Management,Business Strategy,Mobile Devices,Business Development,Digital Media,Strategy,Product Development,Social Media,Management,,,,,,,,,,
305,Portfolio Management,Derivatives,Strategy,Bloomberg,Software Development,SQL,Equities,Asset Management,Financial Modeling,,,,,,,,,,
306,,,,,,,,,,,,,,,,,,,
307,Software Project Management,Distributed Systems,Software Design,Cloud Computing,Scalability,Agile Methodologies,Windows Azure,Agile Project Management,Software Development,Microsoft Exchange,Office 365,,,,,,,,
308,Business Analysis,Data Mining,Python,Applied Mathematics,Machine Learning,R,Data Analysis,Statistics,Analytical Skills,,,,,,,,,,
309,Software Project Management,Integration,Solution Architecture,Unix,SDLC,Requirements Analysis,Software Development,SOA,SQL Server,Business Analysis,,,,,,,,,
310,Solution Architecture,Big Data,Machine Learning,Windows Azure,Azure Data Lake,Architecture,Entrepreneurship,Enterprise Software,Cloud Computing,,,,,,,,,,
311,Data Mining,Analytics,Decision Analysis,R,Strategy,Market Research,Data Analysis,Research,Statistics,,,,,,,,,,
312,Software Quality Assurance,Test Automation,Testing,Agile Methodologies,C#,JavaScript,Test Planning,Software Development,Visual Studio,,,,,,,,,,
313,Solution Architecture,Microsoft SQL Server,SSRS,Data Warehousing,Business Intelligence,SQL,Enterprise Architecture,Enterprise Software,Software Engineering,Business Analysis,,,,,,,,,
314,C/C++,Technical Report Writing,VHDL,C++,CUDA,Microsoft Office,FPGA Design Tools,LaTeX,Matlab,Programming,Research,C,,,,,,,
315,,,,,,,,,,,,,,,,,,,
316,Data Mining,Python,C++,Agent-based Modeling,R,Data Modeling,Complexity Theory,Research,English,,,,,,,,,,
317,Data Science,Product Management,Analytics,Leadership,Mobile Applications,SaaS,Product Development,Enterprise Software,Cloud Computing,,,,,,,,,,
318,Virtualization,VMware,Big Data,Architecture,Cluster,SOA,Enterprise Architecture,Enterprise Software,Cloud Computing,,,,,,,,,,
319,Product Management,Analytics,Program Management,Strategy,Business Intelligence,Competitive Analysis,Enterprise Software,Cross-functional Team Leadership,Cloud Computing,,,,,,,,,,
320,Change Management,Forecasting,Project Planning,Business Strategy,Strategy,Business Process Improvement,Performance Management,Project Management,Management Consulting,,,,,,,,,,
321,Writing,Cloud Computing,Agile Methodologies,Program Management,Technical Writing,Agile Project Management,PMI,Content Management,Enterprise Software,Editing,Software Documentation,,,,,,,,
322,Teamwork,Microsoft Excel,Outlook,Microsoft Office,PowerPoint,Retail,Microsoft Word,Time Management,Customer Service,,,,,,,,,,
323,Genomics,Molecular Biology,Biochemistry,Life Sciences,Cocoa (touch) programming,Science,Bioinformatics,Ruby,Genetics,Entrepreneurship,User Experience,Management,,,,,,,
324,Policy,Leadership,Procurement Outsourcing,responsible gambling program design,Project Management,Program Evaluation,Research,Strategic Planning,Management,,,,,,,,,,
325,Software Project Management,Software Design,Agile,Testing,Agile Methodologies,Integration,UML,Certified Scrum Master CSM,Software Development,Software Engineering,Scrum,,,,,,,,
326,Portfolio Management,Python,Insurance,Pension Funds,Pensions,Employee Benefits,Actuarial Science,Product Development,Financial Risk,,,,,,,,,,
327,Mobile Robotics,Data Science,C++,Java,Machine Learning,Artificial Intelligence,Algorithms,Design Patterns,Software Development,,,,,,,,,,
328,Distributed Systems,Software Design,Agile Methodologies,C#,Windows Azure,.NET,Software Development,Agile Project Management,Software Engineering,Cloud Computing,Office 365,,,,,,,,
329,Software Project Management,Testing,Agile Methodologies,Web Services,C#,Windows Azure,SDLC,Software Development,Agile Project Management,.NET,Management,,,,,,,,
330,LMS,Machine Learning,Microsoft Azure,Data Warehousing,HRIT,Data Analysis,SQL,Databases,Tableau,,,,,,,,,,
331,Analytics,SAS,R,Optimization,Market Research,Data Analysis,Splunk,Hive,Tableau,,,,,,,,,,
332,Team Building,Data Science,Big Data Analytics,Team Leadership,Performance Attribution,Leadership,Machine Learning,Start-up Ventures,Business Analysis,,,,,,,,,,
333,Software Project Management,IT Strategy,Solution Architecture,Program Management,Requirements Analysis,Project Management,Enterprise Architecture,Renewable Energy Systems,Business Analysis,,,,,,,,,,
334,Software Project Management,Software Quality Assurance,Test Automation,Agile Methodologies,Windows Azure,Program Management,Requirements Analysis,Agile Project Management,Enterprise Software,,,,,,,,,,
335,,,,,,,,,,,,,,,,,,,
336,,,,,,,,,,,,,,,,,,,
337,Software Project Management,Software Quality Assurance,Test Automation,Testing,Agile Methodologies,Microsoft SQL Server,SDLC,Agile Project Management,Scrum,,,,,,,,,,
338,Omniture,Python,Video,Mobile Devices,New Media,Digital Media,SQL,Hive,Research,,,,,,,,,,
339,Product Management,Agile Methodologies,Team Leadership,Big Data,Web Applications,Agile Project Management,Databases,Web Development,Scrum,,,,,,,,,,
340,Information Security Management,Database Security,Information Security,Security,Vulnerability Assessment,ArcSight,Information Technology,Penetration Testing,Application Security,Computer Security,Firewalls,,,,,,,,
341,Solution Architecture,PeopleSoft,SAP ERP,Microsoft SQL Server,BizTalk,Project Management,SOA,Enterprise Architecture,Supply Chain Management,ERP,Business Analysis,,,,,,,,
342,Telecommunications,Network Engineering,TCP/IP,Integration,Unix,CDMA,LTE,Wireless,VoIP,IP,,,,,,,,,
343,Software Project Management,Distributed Systems,XML,Agile Methodologies,C#,Software Development,Agile Project Management,Enterprise Software,Cloud Computing,,,,,,,,,,
344,Software Project Management,Distributed Systems,Software Engineering,Software Design,Agile Methodologies,Agile Project Management,Software Development,Enterprise Software,Databases,Scrum,,,,,,,,,
345,Teamwork,Business Development,Creativity,English,Entrepreneurship,Marketing,Analysis,Marketing Communications,Management,,,,,,,,,,
346,Distributed Systems,Web Development,C#,Microsoft SQL Server,Windows Azure,Software Development,SOA,ASP.NET,.NET,,,,,,,,,,
347,Java,Unix,SDLC,Program Management,Requirements Analysis,SOA,Software Development,Enterprise Architecture,Databases,,,,,,,,,,
348,,,,,,,,,,,,,,,,,,,
349,Software Project Management,Data Science,Big Data Analytics,Oracle,Agile Methodologies,Machine Learning,Java Enterprise Edition,SOA,Software Engineering,,,,,,,,,,
350,ASP.NET MVC,Python,jQuery,AngularJS,C#,JavaScript,Software Development,ASP.NET,.NET,,,,,,,,,,
351,Product Management,Agile Methodologies,Mobile Applications,Android,Start-ups,Program Management,Entrepreneurship,Software Development,Product Development,Software Engineering,Scrum,,,,,,,,
352,Writing,Grant Writing,French,Social Media,Spanish,International Relations,Editing,Research,International Development,,,,,,,,,,
353,Social Media,Journalism,Digital Media,Copywriting,Content Management,Feature Articles,Online Journalism,Copy Editing,Editing,,,,,,,,,,
354,ETL,PL/SQL,Visio,Data Warehousing,SDLC,SQL,Informatica,Business Requirements,Systems Analysis,,,,,,,,,,
355,Virtualization,Storage,NetApp,Data Center,Storage Area Networks,Technical Support,SAN,NAS,Network Administration,,,,,,,,,,
356,Online Marketing,Mobile Devices,Digital Media,Public Speaking,Business Intelligence,Data Analysis,Research,Analytical Skills,,,,,,,,,,,
357,Demand Generation,Product Management,Go-to-market Strategy,CRM,Relationship Marketing,Segmentation,Marketing ROI,Strategy,Enterprise Software,Strategic Partnerships,Product Marketing,,,,,,,,
358,Data Mining,Data Science,Machine Learning,Microsoft Azure,SPSS Modeler,R,Data Analysis,Knime,Data Engineering,,,,,,,,,,
359,Data Mining,Statistical Modeling,SAS,Matlab,Data Analysis,Numerical Simulation,Monte Carlo Simulation,Simulations,Statistics,,,,,,,,,,
360,Environmental Policy,Environmental Science,Statistics,Science,Environmental Awareness,Data Analysis,Natural Resource Management,Research,Community Outreach,,,,,,,,,,
361,Nonprofits,PHP,Windows Server,Photography,International Development,Project Management,Network Administration,Databases,Web Development,,,,,,,,,,
362,Change Management,Project Planning,Tax Law,Government,Business Strategy,Project Management,Analysis,Management Consulting,Analytical Skills,,,,,,,,,,
363,Portfolio Management,Institutional Investments,Thought Leadership,Investment Strategies,Investments,Asset Allocation,Investment Theory,Asset Management,Financial Modeling,,,,,,,,,,
364,SharePoint,Microsoft SQL Server,Business Strategy,Business Intelligence,Enterprise Resource Planning (ERP),Visual Basic,ERP,.NET,Management,,,,,,,,,,
365,Software Project Management,Agile Methodologies,Microsoft SQL Server,C#,Requirements Analysis,Enterprise Software,ASP.NET,Databases,.NET,,,,,,,,,,
366,Software Design,Test Automation,Testing,Agile Methodologies,C#,Visual Studio,Software Engineering,.NET,WPF,,,,,,,,,,
367,Minitab,Process Engineering,Design of Experiments,Six Sigma,Manufacturing,Product Development,Chemical Engineering,Engineering,FMEA,,,,,,,,,,
368,Leadership Development,SharePoint,Team Leadership,Microsoft Office,Leadership,Program Management,Business Intelligence,Data Analysis,Project Management,Management,,,,,,,,,
369,Demand Generation,Analytics,CRM,Marketing Automation,Salesforce.com,SaaS,Lead Generation,Enterprise Software,Email Marketing,,,,,,,,,,
370,Thin Films,Characterization,Optics,Optical Microscopy,Physics,Materials,Spectroscopy,Matlab,Electron Microscopy,,,,,,,,,,
371,Software Project Management,Agile Methodologies,Microsoft SQL Server,SDLC,Program Management,Requirements Analysis,Solution Delivery,Product Development,Scrum,,,,,,,,,,
372,Software Project Management,Testing,Agile Methodologies,Data Warehousing,SDLC,Program Management,Business Intelligence,Global Delivery,ERP,Management,,,,,,,,,
373,Telecommunications,Data Mining,Analytics,Teradata,Team Management,Oracle,Business Intelligence,Databases,Business Analysis,,,,,,,,,,
374,Change Management,Service Delivery,PowerPivot,SSRS,Release Management,Business Intelligence,DAX,Tableau,Business Analysis,,,,,,,,,,
375,Software Project Management,Agile Methodologies,Program Delivery Management,Leadership,SDLC,Program Management,Program Planning,Requirements Analysis,Solution Delivery,Software Development,Project Management,Management,,,,,,,
376,SharePoint,T-SQL,Microsoft SQL Server,SSRS,SSIS,Microsoft Technologies,Performance Tuning,SQL,Databases,,,,,,,,,,
377,Language Teaching,Nederlands,JavaScript,Teaching English as a Second Language,Lesgeven,CSS,HTML,Research,English,,,,,,,,,,
378,,,,,,,,,,,,,,,,,,,
379,Software Project Management,Vendor Management,Team Management,Agile Methodologies,Solution Architecture,Data Warehousing,Requirements Analysis,Project Management,Pre-sales,Business Analysis,Management,,,,,,,,
380,Software Project Management,Analytics,Agile Methodologies,Data Warehousing,Requirements Gathering,SDLC,Project Management,Business Analysis,Management,,,,,,,,,,
381,Visual C++,,,,,,,,,,,,,,,,,,
382,ETL,CRM,Microstrategy,Data Warehousing,E-commerce,Business Intelligence,Data Modeling,SQL,Business Analysis,,,,,,,,,,
383,jQuery,AngularJS,JavaScript,Tomcat,Spring,R,Java Enterprise Edition,JSP,Ansible,,,,,,,,,,
384,Business Analysis,Account Management,Analytics,Team Leadership,Business Strategy,Business Development,Business Intelligence,Financial Analysis,Financial Modeling,,,,,,,,,,
385,,,,,,,,,,,,,,,,,,,
386,Data Science,Numerical Analysis,Machine Learning,Swell Guy,Time Series Analysis,Matlab,Numerical Simulation,Signal Processing,Data Engineering,,,,,,,,,,
387,C++,Integration,C#,Java,Data Analysis,Software Development,Visual Studio,SQL,Software Engineering,Software Development Methodologies,,,,,,,,,
388,,,,,,,,,,,,,,,,,,,
389,Microsoft Excel,Microsoft Office,Leadership,VBA,Energy,Data Analysis,Project Management,Analysis,Engineering,,,,,,,,,,
390,Teaching,Communication,Grant Writing,Paleoecology,Scientific Writing,Conservation Biology,Stable Isotope Analysis,Wildlife,Paleontology,Ecology,Academic Writing,,,,,,,,
391,Telecommunications,Mobile Commerce,Mobile Content,Team Management,Mobile Payments,Mobile Devices,Project Management,VAS,IVR,,,,,,,,,,
392,Software Project Management,Distributed Systems,Architectures,Agile Methodologies,Integration,Architecture,Software Development,Enterprise Architecture,Cloud Computing,,,,,,,,,,
393,Product Management,Leadership,Business Development,Strategy,Start-ups,SaaS,Entrepreneurship,Enterprise Software,Strategic Partnerships,Alliances,Product Marketing,,,,,,,,
394,Team Leadership,Leadership,Sales,Business Development,Public Speaking,Strategy,Start-ups,Entrepreneurship,Team-oriented,,,,,,,,,,
395,,,,,,,,,,,,,,,,,,,
396,Software Project Management,Vendor Management,Process Engineering,Patents,Program Management,Business Intelligence,Statistical Data Analysis,Patent Analysis,Business Analysis,,,,,,,,,,
397,,,,,,,,,,,,,,,,,,,
398,Python,Microsoft SQL Server,SSRS,Machine Learning,Windows Azure,SSIS,R,Tableau,SSAS 2008,,,,,,,,,,
399,Electrical Engineering,Data Science,Python,3D Printing,Machine Learning,Predictive Analytics,R,Matlab,COMSOL,,,,,,,,,,
400,Python,sql,Agile Methodologies,C#,Java,Sentiment Analysis,python,Web Applications,Software Development,SQL,Ruby on Rails,,,,,,,,
401,Software Project Management,IT Operations Management,DevOps,Windows Azure,IT Service Management,SDLC,SQL Azure,SQL,Management,,,,,,,,,,
402,Teamwork,C++,Mathematics,Problem Solving,R,Statistics,C,,,,,,,,,,,,
403,Software Project Management,IT Strategy,Agile Methodologies,Microsoft Dynamics,Program Management,Agile Project Management,Software Development,Axapta,Enterprise Software,Cloud Computing,,,,,,,,,
404,Natural Language Processing,Software Design,Big Data Analytics,Agile Methodologies,C#,Machine Learning,Software Development,SOA,Cloud Computing,,,,,,,,,,
405,Oracle,Agile Methodologies,PL/SQL,Unix,Shell Scripting,Data Warehousing,Requirements Analysis,SQL,Informatica,,,,,,,,,,
406,React.js,JavaScript,Git,Ruby,SQL,CSS,Elm,HTML,Editing,,,,,,,,,,
407,Visual C#,XML,ESB,Enterprise Application Integration,BizTalk,Business Process Design,EAI,B2B Integration,SOA,SQL,Microsoft BizTalk Server,XSLT,,,,,,,
408,SPSS,Analytics,Microsoft Excel,Microsoft Office,Market Research,Microsoft Word,Data Analysis,Competitive Analysis,Marketing,,,,,,,,,,
409,Organizational Leadership,Analytics,Organizational Development,Forecasting,Public Speaking,Project Management,Higher Education,Staff Development,Consulting,,,,,,,,,,
410,IT Strategy,Amazon Web Services (AWS),Integration,Retail,Information Technology,IT Management,Enterprise Architecture,Cloud Computing,Management,,,,,,,,,,
411,EJB,Weblogic,Web Services,Solution Architecture,Integration,Agile Methodologies,Java,Spring,J2EE Architecture,Java Enterprise Edition,SQL,Struts,,,,,,,
412,PeopleSoft,Requirements Gathering,Human Resources,HRIS,Cross Functional Relationships,Data Analysis,Visual Storytelling,Project Management,Business Analysis,,,,,,,,,,
413,XML,Oracle,PL/SQL,Web Services,Unix,SDLC,Software Development,SOA,SQL,,,,,,,,,,
414,Python,.NET Core,Linux,C#,JavaScript,Elixir,Git,F#,Penetration Testing,,,,,,,,,,
415,Testing,Agile Methodologies,Integration,Microsoft SQL Server,Visio,Business Intelligence,SQL,Databases,Business Analysis,,,,,,,,,,
416,Business Process Re-engineering,CRM,Big Data Analytics,Solution Architecture,Business Intelligence,Requirements Analysis,Consulting,IELTS,Business Analysis,Management,,,,,,,,,
417,Software Project Management,Account Management,Quality Assurance,Service Management,Outsourcing,Leadership,Business Development,Program Management,Business Process Improvement,Project Management,Cloud Computing,,,,,,,,
418,Teaching,Instructional Technology,Classroom,Mathematics,Web Development,Statistics,Software Development,Higher Education,Visual Basic,Academic Advising,,,,,,,,,
419,Team Management,Vendor Management,Team Leadership,Project Planning,Microsoft Office,Business Intelligence,Project Management,Business Analysis,Management,,,,,,,,,,
420,Agile Application Development,Web Services API,Data Visualization,Machine Learning,Amazon S3,Data Monitoring,SQL,Metric Insight,Tableau,,,,,,,,,,
421,Software Project Management,Vendor Management,Business Process,Project Planning,Process Improvement,Leadership,Program Management,Strategy,Cross-functional Team Leadership,Cloud Computing,,,,,,,,,
422,3D visualization,Unity3D,Game Development,C++,Java,Software Development Management,3D graphics,Software Development,OpenGL,Software Engineering,,,,,,,,,
423,Distributed Systems,Virtualization,Powershell,Scalability,Data Center,Microsoft Technologies,Architecture,Software Development,Cloud Computing,,,,,,,,,,
424,Data Mining,Analytics,Integration,SAS,SAS programming,Data Warehousing,R,Business Intelligence,Data Migration,,,,,,,,,,
425,Statistische Modellierung,Microsoft Excel,Ökonometrie,Microsoft Office,Datenanalyse,Statistik,R,Algorithmen,Matlab,,,,,,,,,,
426,Process Simulation,Process Optimization,Process Engineering,Integration,Energy,R&D,Chemistry,Chemical Engineering,Engineering,,,,,,,,,,
427,Strategic Consulting,Strategic Planning,Corporate Development,Business Strategy,Valuation,Strategy,Analysis,Management Consulting,Management,,,,,,,,,,
428,Analytics,Consumer Insight,Strategy,Market Research,Social Media Marketing,Marketing Strategy,Digital Marketing,Research,Social Media Measurement,,,,,,,,,,
429,Data Science,Analytics,Microsoft Excel,Hadoop,Python,Economics,R,Data Analysis,SQL,,,,,,,,,,
430,,,,,,,,,,,,,,,,,,,
431,ETL,Data Mining,SSRS,Data Warehousing,SSIS,Business Intelligence,Business Objects,SQL,Scrum,,,,,,,,,,
432,Team Management,Microsoft Excel,Chinese,French,Microsoft Office,SQL,WordPress,International Relations,Editing,,,,,,,,,,
433,Graphics,User Interface Design,Graphic Design,Web Design,Creative Direction,User-centered Design,Information Architecture,User Experience,HTML,HTML + CSS,,,,,,,,,
434,Agile Methodologies,Leadership,Requirements Gathering,SDLC,Mobile Applications,Software Development,Project Management,Business Analysis,Scrum,,,,,,,,,,
435,Agile Methodologies,Web Services,C#,Architecture,Software Development,SOA,SQL,.NET,Scrum,,,,,,,,,,
436,,,,,,,,,,,,,,,,,,,
437,Test Automation,Testing,PL/SQL,Java,Unix,Requirements Analysis,Software Development,SQL,Databases,,,,,,,,,,
438,Operations Research,Optimization,Matlab,Data Analysis,Market Research,Analysis,Supply Chain Management,Statistics,Management,,,,,,,,,,
439,Data Science,Hadoop,Big Data Analytics,APC,Project Planning,Machine Learning,Program Management,R,Process Control,,,,,,,,,,
440,,,,,,,,,,,,,,,,,,,
441,,,,,,,,,,,,,,,,,,,
442,SAT,Molecular Biology,C++,Microsoft Office,Lifesciences,Java,Science,PCR,Western Blotting,Statistics,,,,,,,,,
443,Distributed Systems,Software Design,Testing,Web Services,C#,Web Applications,Visual Studio,WCF,Software Development,,,,,,,,,,
444,Product Management,Go-to-market Strategy,Leadership,Business Development,SaaS,Product Development,Enterprise Software,Cross-functional Team Leadership,Cloud Computing,,,,,,,,,,
445,ETL,Unix Shell Scripting,PL/SQL,Microsoft Office,SSIS,Business Intelligence,SQL,HTML,Informatica,,,,,,,,,,
446,Microsoft Excel,PowerPivot,Agile Methodologies,Microsoft SQL Server,Program Management,Microsoft Technologies,Business Intelligence,,,,,,,,,,,,
447,Due Diligence,Finance,Mergers & Acquisitions,Business Strategy,Business Development,Management,Strategy,Project Management,Competitive Analysis,Cross-functional Team Leadership,Business Analysis,Mergers,,,,,,,
448,Agile Methodologies,Microsoft SQL Server,SDLC,Data Center,Program Management,Requirements Analysis,Project Management,PostgreSQL,Scrum,,,,,,,,,,
449,SoC,Device Drivers,C++,ARM,Embedded Systems,Digital Signal Processors,Software Development,C,Debugging,,,,,,,,,,
450,Statistical Modeling,Data Mining,Product Analysis,Predictive Analytics,R,Matlab,Data Analysis,A/B Testing,SAS Certified Base Programmer,,,,,,,,,,
451,Biotechnology,Analytical Chemistry,Pharmaceutical Industry,Microsoft Office,Environmental Awareness,Public Speaking,Chemistry,Data Analysis,R&D,Management,,,,,,,,,
452,Client Relations,Data Mining,Data Analytics,Data Management,Big Data,Pricing Analysis,Life Insurance,Data Analysis,Interpreting Data,,,,,,,,,,
453,Oracle,PL/SQL,Data Warehousing,SDLC,Database Design,Data Modeling,SQL,Enterprise Architecture,Performance Tuning,,,,,,,,,,
454,Mergers & Acquisitions,Microsoft Excel,Leadership,Valuation,Investments,Data Analysis,Entrepreneurship,Financial Analysis,Financial Modeling,,,,,,,,,,
455,,,,,,,,,,,,,,,,,,,
456,Requirements Gathering,Visio,Auditing,Requirements Analysis,Data Analysis,SQL,Analysis,Business Analysis,Risk Management,,,,,,,,,,
457,Asset Managment,Portfolio Management,Fixed Income,Valuation,Hedge Funds,Capital Markets,Investments,Bloomberg,Equities,,,,,,,,,,
458,Market Risk,Statistical Modeling,Machine Learning,R,Time Series Analysis,LaTeX,Quantitative Finance,Mathematical Modeling,Risk Management,,,,,,,,,,
459,,,,,,,,,,,,,,,,,,,
460,,,,,,,,,,,,,,,,,,,
461,,,,,,,,,,,,,,,,,,,
462,SEO,Python,API,Business Strategy,Econometrics,SQL,Quantitative Analytics,Qualitative Research,Tableau,,,,,,,,,,
463,Omniture,PPC,Digital Strategy,SEM,Web Analytics,E-commerce,Marketing Strategy,Google Analytics,Online Advertising,,,,,,,,,,
